2025-10-20 11:20:28,671 INFO === BOOT OK / logger stdout test ===
2025-10-20 11:20:57,018 INFO [d2] start
2025-10-20 11:20:57,019 INFO [d2] loop start
2025-10-20 11:20:57,020 INFO [d2] เริ่มคอนเท็กซ์ใหม่ stage=pick item_idx=0
2025-10-20 11:20:57,021 INFO [d2] stage=pick item_idx=0 target=+5 base=None succ=0
2025-10-20 11:20:57,022 INFO [d2] แตะไอเทม idx=0 @(285,170)
2025-10-20 11:20:57,023 ERROR [d2] step error: 'ADBAdapter' object has no attribute 'tap'
2025-10-20 11:20:57,024 INFO [d2] loop exit (state=error)
2025-10-20 11:30:09,470 INFO === BOOT OK / logger stdout test ===
2025-10-20 11:31:02,835 INFO [d2] start
2025-10-20 11:31:02,836 INFO [d2] loop start
2025-10-20 11:31:02,837 INFO [d2] เริ่มคอนเท็กซ์ใหม่ stage=pick item_idx=0
2025-10-20 11:31:02,838 INFO [d2] stage=pick item_idx=0 target=+5 base=None succ=0
2025-10-20 11:31:02,838 INFO [d2] แตะไอเทม idx=0 @(285,170)
2025-10-20 11:31:02,848 ERROR [d2] step error: tap failed @(285,170) error: closed

2025-10-20 11:31:02,850 INFO [d2] loop exit (state=error)
2025-10-20 11:43:43,583 INFO === BOOT OK / logger stdout test ===
2025-10-20 11:44:37,953 INFO [d2] start
2025-10-20 11:44:37,954 INFO [d2] loop start
2025-10-20 11:44:37,955 INFO [d2] เริ่มคอนเท็กซ์ใหม่ stage=pick item_idx=0
2025-10-20 11:44:37,956 INFO [d2] stage=pick item_idx=0 target=+5 base=None succ=0
2025-10-20 11:44:37,957 INFO [d2] แตะไอเทม idx=0 @(285,170)
2025-10-20 11:44:39,084 ERROR [d2] step error: tap failed @(285,170) error: closed

2025-10-20 11:44:39,085 INFO [d2] loop exit (state=error)
2025-10-20 11:44:50,252 INFO [d2] stopping...
2025-10-20 11:44:50,253 INFO [d2] stopped
2025-10-20 11:57:47,834 INFO === BOOT OK / logger stdout test ===
2025-10-20 11:58:10,962 INFO [d2] start
2025-10-20 11:58:11,384 INFO [d2] loop start
2025-10-20 11:58:11,385 INFO [d2] เริ่มคอนเท็กซ์ใหม่ stage=pick item_idx=0
2025-10-20 11:58:11,386 INFO [d2] stage=pick item_idx=0 target=+5 base=None succ=0
2025-10-20 11:58:11,386 INFO [d2] แตะไอเทม idx=0 @(285,170)
2025-10-20 11:58:16,179 ERROR [d2] step error: tap failed @(285,170) error: closed

2025-10-20 11:58:16,182 INFO [d2] loop exit (state=error)
2025-10-20 11:58:38,636 INFO [d2] stopping...
2025-10-20 11:58:38,638 INFO [d2] stopped
2025-10-20 12:08:18,265 INFO === BOOT OK / logger stdout test ===
2025-10-20 12:08:31,213 INFO [d2] start
2025-10-20 12:08:31,633 INFO [d2] loop start
2025-10-20 12:08:31,634 INFO [d2] เริ่มคอนเท็กซ์ใหม่ stage=pick item_idx=0
2025-10-20 12:08:31,636 INFO [d2] stage=pick item_idx=0 target=+5 base=None succ=0
2025-10-20 12:08:31,637 INFO [d2] แตะไอเทม idx=0 @(285,170)
2025-10-20 12:08:41,031 ERROR [d2] step error: tap failed @(285,170) error: closed

2025-10-20 12:08:41,032 INFO [d2] loop exit (state=error)
2025-10-20 12:08:48,825 INFO [d2] stopping...
2025-10-20 12:08:48,826 INFO [d2] stopped
2025-10-20 12:09:06,088 INFO [d1] start
2025-10-20 12:09:06,509 INFO [d1] loop start
2025-10-20 12:09:06,512 INFO [d1] เริ่มคอนเท็กซ์ใหม่ stage=pick item_idx=0
2025-10-20 12:09:06,514 INFO [d1] stage=pick item_idx=0 target=+5 base=None succ=0
2025-10-20 12:09:06,515 INFO [d1] แตะไอเทม idx=0 @(285,170)
2025-10-20 12:09:15,745 ERROR [d1] step error: tap failed @(285,170) error: closed

2025-10-20 12:09:15,746 INFO [d1] loop exit (state=error)
2025-10-20 12:09:32,363 INFO [d1] stopping...
2025-10-20 12:09:32,364 INFO [d1] stopped
2025-10-20 12:11:36,754 INFO === BOOT OK / logger stdout test ===
2025-10-20 12:18:50,350 INFO [d1] start
2025-10-20 12:18:50,770 INFO [d1] loop start
2025-10-20 12:18:50,771 INFO [d1] เริ่มคอนเท็กซ์ใหม่ stage=pick item_idx=0
2025-10-20 12:18:50,772 INFO [d1] stage=pick item_idx=0 target=+5 base=None succ=0
2025-10-20 12:18:50,773 INFO [d1] แตะไอเทม idx=0 @(285,170)
2025-10-20 12:19:00,150 ERROR [d1] step error: tap failed @(285,170) error: closed

2025-10-20 12:19:00,151 INFO [d1] loop exit (state=error)
2025-10-20 12:20:23,182 INFO [d1] stopping...
2025-10-20 12:20:23,183 INFO [d1] stopped
2025-10-20 12:20:32,306 INFO [d2] start
2025-10-20 12:20:32,725 INFO [d2] loop start
2025-10-20 12:20:32,727 INFO [d2] เริ่มคอนเท็กซ์ใหม่ stage=pick item_idx=0
2025-10-20 12:20:32,728 INFO [d2] stage=pick item_idx=0 target=+5 base=None succ=0
2025-10-20 12:20:32,728 INFO [d2] แตะไอเทม idx=0 @(285,170)
2025-10-20 12:20:41,850 ERROR [d2] step error: tap failed @(285,170) error: closed

2025-10-20 12:20:41,851 INFO [d2] loop exit (state=error)
2025-10-20 12:33:39,996 INFO === BOOT OK / logger stdout test ===
2025-10-20 14:57:00,155 INFO === BOOT OK / logger stdout test ===
2025-10-20 15:10:20,055 INFO === BOOT OK / logger stdout test ===
2025-10-20 16:03:41,475 INFO [d1] start
2025-10-20 16:03:41,905 INFO [d1] loop start
2025-10-20 16:03:41,907 INFO [d1] เริ่มคอนเท็กซ์ใหม่ stage=pick item_idx=0
2025-10-20 16:03:41,908 INFO [d1] stage=pick item_idx=0 target=+5 base=None succ=0
2025-10-20 16:03:41,909 INFO [d1] แตะไอเทม idx=0 @(285,170)
2025-10-20 16:03:52,527 ERROR [d1] step error: tap failed @(285,170) error: closed

2025-10-20 16:03:52,529 INFO [d1] loop exit (state=error)
2025-10-20 16:03:56,436 INFO [d1] start
2025-10-20 16:03:56,438 INFO [d1] loop start
2025-10-20 16:03:56,439 INFO [d1] stage=pick item_idx=0 target=+5 base=None succ=0
2025-10-20 16:03:56,441 INFO [d1] แตะไอเทม idx=0 @(285,170)
2025-10-20 16:03:58,974 INFO [d1] stopping...
2025-10-20 16:04:03,976 INFO [d1] stopped
2025-10-20 16:04:07,343 ERROR [d1] step error: tap failed @(285,170) error: closed

2025-10-20 16:04:07,344 INFO [d1] loop exit (state=error)
2025-10-20 16:27:50,612 INFO === BOOT OK / logger stdout test ===
2025-10-20 16:29:02,829 INFO [d1] start
2025-10-20 16:29:03,252 INFO [d1] loop start
2025-10-20 16:29:03,253 INFO [d1] เริ่มคอนเท็กซ์ใหม่ stage=pick item_idx=0
2025-10-20 16:29:03,255 INFO [d1] stage=pick item_idx=0 target=+5 base=None succ=0
2025-10-20 16:29:03,256 INFO [d1] แตะไอเทม idx=0 @(285,170)
2025-10-20 16:29:13,972 ERROR [d1] step error: tap failed @(285,170) error: closed

2025-10-20 16:29:13,974 INFO [d1] loop exit (state=error)
2025-10-20 16:29:26,582 INFO [d1] stopping...
2025-10-20 16:29:26,583 INFO [d1] stopped
2025-10-20 16:29:42,966 INFO [d1] start
2025-10-20 16:29:42,967 INFO [d1] loop start
2025-10-20 16:29:42,968 INFO [d1] stage=pick item_idx=0 target=+5 base=None succ=0
2025-10-20 16:29:42,970 INFO [d1] แตะไอเทม idx=0 @(285,170)
2025-10-20 16:29:53,648 ERROR [d1] step error: tap failed @(285,170) error: closed

2025-10-20 16:29:53,649 INFO [d1] loop exit (state=error)
2025-10-20 16:29:59,462 INFO [d1] stopping...
2025-10-20 16:29:59,464 INFO [d1] stopped
2025-10-20 16:36:59,613 INFO === BOOT OK / logger stdout test ===
2025-10-20 16:37:29,310 INFO [d1] start
2025-10-20 16:37:29,739 INFO [d1] loop start
2025-10-20 16:37:29,741 INFO [d1] เริ่มคอนเท็กซ์ใหม่ stage=pick item_idx=0
2025-10-20 16:37:29,743 INFO [d1] stage=pick item_idx=0 target=+5 base=None succ=0
2025-10-20 16:37:29,745 INFO [d1] แตะไอเทม idx=0 @(285,170)
2025-10-20 16:37:40,452 ERROR [d1] step error: tap failed @(285,170) error: closed

2025-10-20 16:37:40,453 INFO [d1] loop exit (state=error)
2025-10-20 16:50:08,976 INFO === BOOT OK / logger stdout test ===
2025-10-20 16:53:54,566 INFO [d1] start
2025-10-20 16:53:54,995 INFO [d1] loop start
2025-10-20 16:53:54,996 INFO [d1] เริ่มคอนเท็กซ์ใหม่ stage=pick item_idx=0
2025-10-20 16:53:54,997 INFO [d1] stage=pick item_idx=0 target=+5 base=None succ=0
2025-10-20 16:53:54,999 INFO [d1] แตะไอเทม idx=0 @(285,170)
2025-10-20 17:00:34,694 INFO === BOOT OK / logger stdout test ===
2025-10-20 17:00:56,899 INFO [d1] start
2025-10-20 17:00:58,168 INFO [d1] loop start
2025-10-20 17:00:58,170 INFO [d1] เริ่มคอนเท็กซ์ใหม่ stage=pick item_idx=0
2025-10-20 17:00:58,171 INFO [d1] stage=pick item_idx=0 target=+5 base=None succ=0
2025-10-20 17:00:58,173 INFO [d1] แตะไอเทม idx=0 @(285,170)
2025-10-20 17:01:00,325 INFO [d1] heartbeat items=0 target=+5
2025-10-20 17:01:00,477 INFO [d1] stage=inspect item_idx=0 target=+5 base=None succ=0
2025-10-20 17:01:00,528 INFO [d1] heartbeat items=0 target=+5
2025-10-20 17:01:00,680 INFO [d1] stage=inspect item_idx=0 target=+5 base=None succ=0
2025-10-20 17:01:01,393 INFO [d1] จับภาพสถานะ slot_status (ใช้เวลา 711ms)
2025-10-20 17:01:01,802 INFO [OCR] อ่านตัวเลขสถานะ: raw='' -> digits='' ใช้เวลา 387ms
2025-10-20 17:01:01,803 INFO [d1] OCR ระดับฐาน ปัจจุบันอ่านได้ n=None
2025-10-20 17:01:01,805 INFO [d1] ตัดสินใจ INSERT (n=None)
2025-10-20 17:01:01,956 INFO [d1] stage=insert item_idx=0 target=+5 base=None succ=0
2025-10-20 17:01:03,966 ERROR [d1] step error: name 'os' is not defined
2025-10-20 17:01:03,967 INFO [d1] loop exit (state=error)
2025-10-20 17:01:13,694 INFO [d1] stopping...
2025-10-20 17:01:13,695 INFO [d1] stopped
2025-10-20 17:03:48,166 INFO === BOOT OK / logger stdout test ===
2025-10-20 17:04:31,536 INFO [d1] start
2025-10-20 17:04:32,441 INFO [d1] loop start
2025-10-20 17:04:32,442 INFO [d1] เริ่มคอนเท็กซ์ใหม่ stage=pick item_idx=0
2025-10-20 17:04:32,444 INFO [d1] stage=pick item_idx=0 target=+5 base=None succ=0
2025-10-20 17:04:32,445 INFO [d1] แตะไอเทม idx=0 @(285,170)
2025-10-20 17:04:34,810 INFO [d1] stage=inspect item_idx=0 target=+5 base=None succ=0
2025-10-20 17:04:35,011 INFO [d1] stage=inspect item_idx=0 target=+5 base=None succ=0
2025-10-20 17:04:35,750 INFO [d1] จับภาพสถานะ slot_status (ใช้เวลา 737ms)
2025-10-20 17:04:36,183 INFO [OCR] อ่านตัวเลขสถานะ: raw='' -> digits='' ใช้เวลา 409ms
2025-10-20 17:04:36,184 INFO [d1] OCR ระดับฐาน ปัจจุบันอ่านได้ n=None
2025-10-20 17:04:36,186 INFO [d1] ตัดสินใจ INSERT (n=None)
2025-10-20 17:04:36,188 INFO [d1] heartbeat items=0 target=+5
2025-10-20 17:04:36,339 INFO [d1] stage=insert item_idx=0 target=+5 base=None succ=0
2025-10-20 17:04:41,698 INFO [d1] stage=upgrade item_idx=0 target=+5 base=None succ=0
2025-10-20 17:04:41,699 INFO [d1] UPGRADE base=0 succ=0 cur=0 / target=+5
2025-10-20 17:04:41,700 INFO [d1] แตะปุ่มอัปเกรด @(844,626)
2025-10-20 17:04:44,791 INFO [d1] จับภาพ overlay_abs (ใช้เวลา 757ms)
2025-10-20 17:04:44,797 INFO [TONE] cold=0.374 hot=0.000 ใช้เวลา 3ms
2025-10-20 17:04:44,798 INFO [d1] โทนสีสรุปเบื้องต้น: success
2025-10-20 17:04:44,800 INFO [d1] ผลลัพธ์: สำเร็จ (+1) → success=1
2025-10-20 17:04:44,951 INFO [d1] stage=upgrade item_idx=0 target=+5 base=None succ=1
2025-10-20 17:04:44,953 INFO [d1] UPGRADE base=0 succ=1 cur=1 / target=+5
2025-10-20 17:04:44,954 INFO [d1] แตะปุ่มอัปเกรด @(844,626)
2025-10-20 17:04:47,991 INFO [d1] จับภาพ overlay_abs (ใช้เวลา 655ms)
2025-10-20 17:04:47,992 INFO [TONE] cold=0.363 hot=0.000 ใช้เวลา 0ms
2025-10-20 17:04:47,993 INFO [d1] โทนสีสรุปเบื้องต้น: success
2025-10-20 17:04:47,994 INFO [d1] ผลลัพธ์: สำเร็จ (+1) → success=2
2025-10-20 17:04:48,146 INFO [d1] stage=upgrade item_idx=0 target=+5 base=None succ=2
2025-10-20 17:04:48,147 INFO [d1] UPGRADE base=0 succ=2 cur=2 / target=+5
2025-10-20 17:04:48,149 INFO [d1] แตะปุ่มอัปเกรด @(844,626)
2025-10-20 17:04:51,355 INFO [d1] จับภาพ overlay_abs (ใช้เวลา 758ms)
2025-10-20 17:04:51,357 INFO [TONE] cold=0.361 hot=0.000 ใช้เวลา 0ms
2025-10-20 17:04:51,358 INFO [d1] โทนสีสรุปเบื้องต้น: success
2025-10-20 17:04:51,359 INFO [d1] ผลลัพธ์: สำเร็จ (+1) → success=3
2025-10-20 17:04:51,360 INFO [d1] heartbeat items=0 target=+5
2025-10-20 17:04:51,511 INFO [d1] stage=upgrade item_idx=0 target=+5 base=None succ=3
2025-10-20 17:04:51,513 INFO [d1] UPGRADE base=0 succ=3 cur=3 / target=+5
2025-10-20 17:04:51,514 INFO [d1] แตะปุ่มอัปเกรด @(844,626)
2025-10-20 17:04:54,701 INFO [d1] จับภาพ overlay_abs (ใช้เวลา 772ms)
2025-10-20 17:04:54,703 INFO [TONE] cold=0.373 hot=0.000 ใช้เวลา 0ms
2025-10-20 17:04:54,704 INFO [d1] โทนสีสรุปเบื้องต้น: success
2025-10-20 17:04:54,706 INFO [d1] ผลลัพธ์: สำเร็จ (+1) → success=4
2025-10-20 17:04:54,707 INFO [d1] heartbeat items=0 target=+5
2025-10-20 17:04:54,858 INFO [d1] stage=upgrade item_idx=0 target=+5 base=None succ=4
2025-10-20 17:04:54,859 INFO [d1] UPGRADE base=0 succ=4 cur=4 / target=+5
2025-10-20 17:04:54,860 INFO [d1] แตะปุ่มอัปเกรด @(844,626)
2025-10-20 17:04:57,926 INFO [d1] จับภาพ overlay_abs (ใช้เวลา 650ms)
2025-10-20 17:04:57,927 INFO [TONE] cold=0.365 hot=0.000 ใช้เวลา 0ms
2025-10-20 17:04:57,929 INFO [d1] โทนสีสรุปเบื้องต้น: success
2025-10-20 17:04:57,930 INFO [d1] ผลลัพธ์: สำเร็จ (+1) → success=5
2025-10-20 17:04:57,931 INFO [d1] heartbeat items=0 target=+5
2025-10-20 17:04:58,082 INFO [d1] stage=upgrade item_idx=0 target=+5 base=None succ=5
2025-10-20 17:04:58,084 INFO [d1] UPGRADE base=0 succ=5 cur=5 / target=+5
2025-10-20 17:04:58,085 INFO [d1] ถึงเป้าหมาย +5 แล้ว → นับสำเร็จ 1 ชิ้น และไปชิ้นถัดไป
2025-10-20 17:04:58,237 INFO [d1] stage=pick item_idx=1 target=+5 base=None succ=5
2025-10-20 17:04:58,239 INFO [d1] แตะไอเทม idx=1 @(345,170)
2025-10-20 17:05:00,247 INFO [d1] heartbeat items=0 target=+5
2025-10-20 17:05:00,398 INFO [d1] stage=inspect item_idx=1 target=+5 base=None succ=5
2025-10-20 17:05:00,450 INFO [d1] heartbeat items=0 target=+5
2025-10-20 17:05:00,601 INFO [d1] stage=inspect item_idx=1 target=+5 base=None succ=5
2025-10-20 17:05:01,236 INFO [d1] จับภาพสถานะ slot_status (ใช้เวลา 633ms)
2025-10-20 17:05:01,622 INFO [OCR] อ่านตัวเลขสถานะ: raw='' -> digits='' ใช้เวลา 384ms
2025-10-20 17:05:01,624 INFO [d1] OCR ระดับฐาน ปัจจุบันอ่านได้ n=None
2025-10-20 17:05:01,625 INFO [d1] ตัดสินใจ INSERT (n=None)
2025-10-20 17:05:01,776 INFO [d1] stage=insert item_idx=1 target=+5 base=None succ=5
2025-10-20 17:05:06,805 INFO [d1] heartbeat items=0 target=+5
2025-10-20 17:05:06,957 INFO [d1] stage=upgrade item_idx=1 target=+5 base=None succ=0
2025-10-20 17:05:06,958 INFO [d1] UPGRADE base=0 succ=0 cur=0 / target=+5
2025-10-20 17:05:06,959 INFO [d1] แตะปุ่มอัปเกรด @(844,626)
2025-10-20 17:05:10,060 INFO [d1] จับภาพ overlay_abs (ใช้เวลา 694ms)
2025-10-20 17:05:10,062 INFO [TONE] cold=0.363 hot=0.000 ใช้เวลา 0ms
2025-10-20 17:05:10,063 INFO [d1] โทนสีสรุปเบื้องต้น: success
2025-10-20 17:05:10,064 INFO [d1] ผลลัพธ์: สำเร็จ (+1) → success=1
2025-10-20 17:05:10,215 INFO [d1] stage=upgrade item_idx=1 target=+5 base=None succ=1
2025-10-20 17:05:10,217 INFO [d1] UPGRADE base=0 succ=1 cur=1 / target=+5
2025-10-20 17:05:10,219 INFO [d1] แตะปุ่มอัปเกรด @(844,626)
2025-10-20 17:05:13,588 INFO [d1] จับภาพ overlay_abs (ใช้เวลา 714ms)
2025-10-20 17:05:13,590 INFO [TONE] cold=0.367 hot=0.000 ใช้เวลา 0ms
2025-10-20 17:05:13,591 INFO [d1] โทนสีสรุปเบื้องต้น: success
2025-10-20 17:05:13,592 INFO [d1] ผลลัพธ์: สำเร็จ (+1) → success=2
2025-10-20 17:05:13,743 INFO [d1] stage=upgrade item_idx=1 target=+5 base=None succ=2
2025-10-20 17:05:13,745 INFO [d1] UPGRADE base=0 succ=2 cur=2 / target=+5
2025-10-20 17:05:13,746 INFO [d1] แตะปุ่มอัปเกรด @(844,626)
2025-10-20 17:05:16,861 INFO [d1] จับภาพ overlay_abs (ใช้เวลา 745ms)
2025-10-20 17:05:16,862 INFO [TONE] cold=0.374 hot=0.000 ใช้เวลา 0ms
2025-10-20 17:05:16,864 INFO [d1] โทนสีสรุปเบื้องต้น: success
2025-10-20 17:05:16,864 INFO [d1] ผลลัพธ์: สำเร็จ (+1) → success=3
2025-10-20 17:05:17,016 INFO [d1] stage=upgrade item_idx=1 target=+5 base=None succ=3
2025-10-20 17:05:17,017 INFO [d1] UPGRADE base=0 succ=3 cur=3 / target=+5
2025-10-20 17:05:17,018 INFO [d1] แตะปุ่มอัปเกรด @(844,626)
2025-10-20 17:05:20,339 INFO [d1] จับภาพ overlay_abs (ใช้เวลา 798ms)
2025-10-20 17:05:20,340 INFO [TONE] cold=0.361 hot=0.000 ใช้เวลา 0ms
2025-10-20 17:05:20,342 INFO [d1] โทนสีสรุปเบื้องต้น: success
2025-10-20 17:05:20,343 INFO [d1] ผลลัพธ์: สำเร็จ (+1) → success=4
2025-10-20 17:05:20,494 INFO [d1] stage=upgrade item_idx=1 target=+5 base=None succ=4
2025-10-20 17:05:20,495 INFO [d1] UPGRADE base=0 succ=4 cur=4 / target=+5
2025-10-20 17:05:20,496 INFO [d1] แตะปุ่มอัปเกรด @(844,626)
2025-10-20 17:05:23,727 INFO [d1] จับภาพ overlay_abs (ใช้เวลา 734ms)
2025-10-20 17:05:23,729 INFO [TONE] cold=0.374 hot=0.000 ใช้เวลา 0ms
2025-10-20 17:05:23,730 INFO [d1] โทนสีสรุปเบื้องต้น: success
2025-10-20 17:05:23,731 INFO [d1] ผลลัพธ์: สำเร็จ (+1) → success=5
2025-10-20 17:05:23,882 INFO [d1] stage=upgrade item_idx=1 target=+5 base=None succ=5
2025-10-20 17:05:23,885 INFO [d1] UPGRADE base=0 succ=5 cur=5 / target=+5
2025-10-20 17:05:23,887 INFO [d1] ถึงเป้าหมาย +5 แล้ว → นับสำเร็จ 1 ชิ้น และไปชิ้นถัดไป
2025-10-20 17:05:24,038 INFO [d1] stage=pick item_idx=2 target=+5 base=None succ=5
2025-10-20 17:05:24,040 INFO [d1] แตะไอเทม idx=2 @(405,170)
2025-10-20 17:05:26,181 INFO [d1] stage=inspect item_idx=2 target=+5 base=None succ=5
2025-10-20 17:05:26,383 INFO [d1] stage=inspect item_idx=2 target=+5 base=None succ=5
2025-10-20 17:05:26,973 INFO [d1] จับภาพสถานะ slot_status (ใช้เวลา 588ms)
2025-10-20 17:05:27,353 INFO [OCR] อ่านตัวเลขสถานะ: raw='' -> digits='' ใช้เวลา 378ms
2025-10-20 17:05:27,355 INFO [d1] OCR ระดับฐาน ปัจจุบันอ่านได้ n=None
2025-10-20 17:05:27,356 INFO [d1] ตัดสินใจ INSERT (n=None)
2025-10-20 17:05:27,357 INFO [d1] heartbeat items=0 target=+5
2025-10-20 17:05:27,508 INFO [d1] stage=insert item_idx=2 target=+5 base=None succ=5
2025-10-20 17:05:32,467 INFO [d1] stage=upgrade item_idx=2 target=+5 base=None succ=0
2025-10-20 17:05:32,468 INFO [d1] UPGRADE base=0 succ=0 cur=0 / target=+5
2025-10-20 17:05:32,469 INFO [d1] แตะปุ่มอัปเกรด @(844,626)
2025-10-20 17:05:35,555 INFO [d1] จับภาพ overlay_abs (ใช้เวลา 742ms)
2025-10-20 17:05:35,556 INFO [TONE] cold=0.362 hot=0.000 ใช้เวลา 0ms
2025-10-20 17:05:35,557 INFO [d1] โทนสีสรุปเบื้องต้น: success
2025-10-20 17:05:35,558 INFO [d1] ผลลัพธ์: สำเร็จ (+1) → success=1
2025-10-20 17:05:35,709 INFO [d1] stage=upgrade item_idx=2 target=+5 base=None succ=1
2025-10-20 17:05:35,711 INFO [d1] UPGRADE base=0 succ=1 cur=1 / target=+5
2025-10-20 17:05:35,712 INFO [d1] แตะปุ่มอัปเกรด @(844,626)
2025-10-20 17:05:38,597 INFO [d1] จับภาพ overlay_abs (ใช้เวลา 556ms)
2025-10-20 17:05:38,599 INFO [TONE] cold=0.374 hot=0.000 ใช้เวลา 0ms
2025-10-20 17:05:38,602 INFO [d1] โทนสีสรุปเบื้องต้น: success
2025-10-20 17:05:38,603 INFO [d1] ผลลัพธ์: สำเร็จ (+1) → success=2
2025-10-20 17:05:38,754 INFO [d1] stage=upgrade item_idx=2 target=+5 base=None succ=2
2025-10-20 17:05:38,756 INFO [d1] UPGRADE base=0 succ=2 cur=2 / target=+5
2025-10-20 17:05:38,757 INFO [d1] แตะปุ่มอัปเกรด @(844,626)
2025-10-20 17:05:41,810 INFO [d1] จับภาพ overlay_abs (ใช้เวลา 721ms)
2025-10-20 17:05:41,812 INFO [TONE] cold=0.374 hot=0.000 ใช้เวลา 0ms
2025-10-20 17:05:41,814 INFO [d1] โทนสีสรุปเบื้องต้น: success
2025-10-20 17:05:41,815 INFO [d1] ผลลัพธ์: สำเร็จ (+1) → success=3
2025-10-20 17:05:41,966 INFO [d1] stage=upgrade item_idx=2 target=+5 base=None succ=3
2025-10-20 17:05:41,968 INFO [d1] UPGRADE base=0 succ=3 cur=3 / target=+5
2025-10-20 17:05:41,970 INFO [d1] แตะปุ่มอัปเกรด @(844,626)
2025-10-20 17:05:45,118 INFO [d1] จับภาพ overlay_abs (ใช้เวลา 661ms)
2025-10-20 17:05:45,120 INFO [TONE] cold=0.362 hot=0.000 ใช้เวลา 0ms
2025-10-20 17:05:45,120 INFO [d1] โทนสีสรุปเบื้องต้น: success
2025-10-20 17:05:45,121 INFO [d1] ผลลัพธ์: สำเร็จ (+1) → success=4
2025-10-20 17:05:45,122 INFO [d1] heartbeat items=0 target=+5
2025-10-20 17:05:45,274 INFO [d1] stage=upgrade item_idx=2 target=+5 base=None succ=4
2025-10-20 17:05:45,276 INFO [d1] UPGRADE base=0 succ=4 cur=4 / target=+5
2025-10-20 17:05:45,277 INFO [d1] แตะปุ่มอัปเกรด @(844,626)
2025-10-20 17:05:48,451 INFO [d1] จับภาพ overlay_abs (ใช้เวลา 664ms)
2025-10-20 17:05:48,453 INFO [TONE] cold=0.362 hot=0.000 ใช้เวลา 0ms
2025-10-20 17:05:48,454 INFO [d1] โทนสีสรุปเบื้องต้น: success
2025-10-20 17:05:48,455 INFO [d1] ผลลัพธ์: สำเร็จ (+1) → success=5
2025-10-20 17:05:48,456 INFO [d1] heartbeat items=0 target=+5
2025-10-20 17:05:48,607 INFO [d1] stage=upgrade item_idx=2 target=+5 base=None succ=5
2025-10-20 17:05:48,609 INFO [d1] UPGRADE base=0 succ=5 cur=5 / target=+5
2025-10-20 17:05:48,611 INFO [d1] ถึงเป้าหมาย +5 แล้ว → นับสำเร็จ 1 ชิ้น และไปชิ้นถัดไป
2025-10-20 17:05:48,612 INFO [d1] heartbeat items=0 target=+5
2025-10-20 17:05:48,764 INFO [d1] stage=pick item_idx=3 target=+5 base=None succ=5
2025-10-20 17:05:48,765 INFO [d1] แตะไอเทม idx=3 @(465,170)
2025-10-20 17:05:51,021 INFO [d1] stage=inspect item_idx=3 target=+5 base=None succ=5
2025-10-20 17:05:51,073 INFO [d1] heartbeat items=0 target=+5
2025-10-20 17:05:51,225 INFO [d1] stage=inspect item_idx=3 target=+5 base=None succ=5
2025-10-20 17:05:51,868 INFO [d1] จับภาพสถานะ slot_status (ใช้เวลา 639ms)
2025-10-20 17:05:52,189 INFO [OCR] อ่านตัวเลขสถานะ: raw='' -> digits='' ใช้เวลา 319ms
2025-10-20 17:05:52,190 INFO [d1] OCR ระดับฐาน ปัจจุบันอ่านได้ n=None
2025-10-20 17:05:52,191 INFO [d1] ตัดสินใจ INSERT (n=None)
2025-10-20 17:05:52,343 INFO [d1] stage=insert item_idx=3 target=+5 base=None succ=5
2025-10-20 17:05:57,252 INFO [d1] heartbeat items=0 target=+5
2025-10-20 17:05:57,405 INFO [d1] stage=upgrade item_idx=3 target=+5 base=None succ=0
2025-10-20 17:05:57,406 INFO [d1] UPGRADE base=0 succ=0 cur=0 / target=+5
2025-10-20 17:05:57,408 INFO [d1] แตะปุ่มอัปเกรด @(844,626)
2025-10-20 17:06:00,557 INFO [d1] จับภาพ overlay_abs (ใช้เวลา 724ms)
2025-10-20 17:06:00,559 INFO [TONE] cold=0.363 hot=0.000 ใช้เวลา 0ms
2025-10-20 17:06:00,561 INFO [d1] โทนสีสรุปเบื้องต้น: success
2025-10-20 17:06:00,562 INFO [d1] ผลลัพธ์: สำเร็จ (+1) → success=1
2025-10-20 17:06:00,564 INFO [d1] heartbeat items=0 target=+5
2025-10-20 17:06:00,715 INFO [d1] stage=upgrade item_idx=3 target=+5 base=None succ=1
2025-10-20 17:06:00,717 INFO [d1] UPGRADE base=0 succ=1 cur=1 / target=+5
2025-10-20 17:06:00,718 INFO [d1] แตะปุ่มอัปเกรด @(844,626)
2025-10-20 17:06:04,037 INFO [d1] จับภาพ overlay_abs (ใช้เวลา 684ms)
2025-10-20 17:06:04,039 INFO [TONE] cold=0.363 hot=0.000 ใช้เวลา 0ms
2025-10-20 17:06:04,040 INFO [d1] โทนสีสรุปเบื้องต้น: success
2025-10-20 17:06:04,041 INFO [d1] ผลลัพธ์: สำเร็จ (+1) → success=2
2025-10-20 17:06:04,192 INFO [d1] stage=upgrade item_idx=3 target=+5 base=None succ=2
2025-10-20 17:06:04,194 INFO [d1] UPGRADE base=0 succ=2 cur=2 / target=+5
2025-10-20 17:06:04,195 INFO [d1] แตะปุ่มอัปเกรด @(844,626)
2025-10-20 17:06:07,465 INFO [d1] จับภาพ overlay_abs (ใช้เวลา 690ms)
2025-10-20 17:06:07,467 INFO [TONE] cold=0.362 hot=0.000 ใช้เวลา 0ms
2025-10-20 17:06:07,468 INFO [d1] โทนสีสรุปเบื้องต้น: success
2025-10-20 17:06:07,469 INFO [d1] ผลลัพธ์: สำเร็จ (+1) → success=3
2025-10-20 17:06:07,621 INFO [d1] stage=upgrade item_idx=3 target=+5 base=None succ=3
2025-10-20 17:06:07,622 INFO [d1] UPGRADE base=0 succ=3 cur=3 / target=+5
2025-10-20 17:06:07,624 INFO [d1] แตะปุ่มอัปเกรด @(844,626)
2025-10-20 17:06:10,793 INFO [d1] จับภาพ overlay_abs (ใช้เวลา 806ms)
2025-10-20 17:06:10,795 INFO [TONE] cold=0.374 hot=0.000 ใช้เวลา 0ms
2025-10-20 17:06:10,796 INFO [d1] โทนสีสรุปเบื้องต้น: success
2025-10-20 17:06:10,797 INFO [d1] ผลลัพธ์: สำเร็จ (+1) → success=4
2025-10-20 17:06:10,949 INFO [d1] stage=upgrade item_idx=3 target=+5 base=None succ=4
2025-10-20 17:06:10,950 INFO [d1] UPGRADE base=0 succ=4 cur=4 / target=+5
2025-10-20 17:06:10,951 INFO [d1] แตะปุ่มอัปเกรด @(844,626)
2025-10-20 17:06:14,118 INFO [d1] จับภาพ overlay_abs (ใช้เวลา 664ms)
2025-10-20 17:06:14,120 INFO [TONE] cold=0.362 hot=0.000 ใช้เวลา 0ms
2025-10-20 17:06:14,121 INFO [d1] โทนสีสรุปเบื้องต้น: success
2025-10-20 17:06:14,122 INFO [d1] ผลลัพธ์: สำเร็จ (+1) → success=5
2025-10-20 17:06:14,274 INFO [d1] stage=upgrade item_idx=3 target=+5 base=None succ=5
2025-10-20 17:06:14,275 INFO [d1] UPGRADE base=0 succ=5 cur=5 / target=+5
2025-10-20 17:06:14,276 INFO [d1] ถึงเป้าหมาย +5 แล้ว → นับสำเร็จ 1 ชิ้น และไปชิ้นถัดไป
2025-10-20 17:06:14,427 INFO [d1] stage=pick item_idx=4 target=+5 base=None succ=5
2025-10-20 17:06:14,429 INFO [d1] แตะไอเทม idx=4 @(525,170)
2025-10-20 17:06:16,618 INFO [d1] stage=inspect item_idx=4 target=+5 base=None succ=5
2025-10-20 17:06:16,820 INFO [d1] stage=inspect item_idx=4 target=+5 base=None succ=5
2025-10-20 17:06:17,502 INFO [d1] จับภาพสถานะ slot_status (ใช้เวลา 679ms)
2025-10-20 17:06:17,835 INFO [OCR] อ่านตัวเลขสถานะ: raw='' -> digits='' ใช้เวลา 332ms
2025-10-20 17:06:17,837 INFO [d1] OCR ระดับฐาน ปัจจุบันอ่านได้ n=None
2025-10-20 17:06:17,838 INFO [d1] ตัดสินใจ INSERT (n=None)
2025-10-20 17:06:17,989 INFO [d1] stage=insert item_idx=4 target=+5 base=None succ=5
2025-10-20 17:06:23,021 INFO [d1] stage=upgrade item_idx=4 target=+5 base=None succ=0
2025-10-20 17:06:23,022 INFO [d1] UPGRADE base=0 succ=0 cur=0 / target=+5
2025-10-20 17:06:23,023 INFO [d1] แตะปุ่มอัปเกรด @(844,626)
2025-10-20 17:06:26,042 INFO [d1] จับภาพ overlay_abs (ใช้เวลา 642ms)
2025-10-20 17:06:26,043 INFO [TONE] cold=0.362 hot=0.000 ใช้เวลา 0ms
2025-10-20 17:06:26,044 INFO [d1] โทนสีสรุปเบื้องต้น: success
2025-10-20 17:06:26,046 INFO [d1] ผลลัพธ์: สำเร็จ (+1) → success=1
2025-10-20 17:06:26,198 INFO [d1] stage=upgrade item_idx=4 target=+5 base=None succ=1
2025-10-20 17:06:26,199 INFO [d1] UPGRADE base=0 succ=1 cur=1 / target=+5
2025-10-20 17:06:26,200 INFO [d1] แตะปุ่มอัปเกรด @(844,626)
2025-10-20 17:06:29,348 INFO [d1] จับภาพ overlay_abs (ใช้เวลา 623ms)
2025-10-20 17:06:29,350 INFO [TONE] cold=0.360 hot=0.000 ใช้เวลา 0ms
2025-10-20 17:06:29,351 INFO [d1] โทนสีสรุปเบื้องต้น: success
2025-10-20 17:06:29,352 INFO [d1] ผลลัพธ์: สำเร็จ (+1) → success=2
2025-10-20 17:06:29,503 INFO [d1] stage=upgrade item_idx=4 target=+5 base=None succ=2
2025-10-20 17:06:29,505 INFO [d1] UPGRADE base=0 succ=2 cur=2 / target=+5
2025-10-20 17:06:29,506 INFO [d1] แตะปุ่มอัปเกรด @(844,626)
2025-10-20 17:06:54,445 INFO [d1] จับภาพ overlay_abs (ใช้เวลา 655ms)
2025-10-20 17:06:54,447 INFO [TONE] cold=0.362 hot=0.000 ใช้เวลา 0ms
2025-10-20 17:06:54,449 INFO [d1] โทนสีสรุปเบื้องต้น: success
2025-10-20 17:06:54,450 INFO [d1] ผลลัพธ์: สำเร็จ (+1) → success=3
2025-10-20 17:06:54,451 INFO [d1] heartbeat items=0 target=+5
2025-10-20 17:06:54,602 INFO [d1] stage=upgrade item_idx=4 target=+5 base=None succ=3
2025-10-20 17:06:54,604 INFO [d1] UPGRADE base=0 succ=3 cur=3 / target=+5
2025-10-20 17:06:54,605 INFO [d1] แตะปุ่มอัปเกรด @(844,626)
2025-10-20 17:06:57,781 INFO [d1] จับภาพ overlay_abs (ใช้เวลา 671ms)
2025-10-20 17:06:57,783 INFO [TONE] cold=0.373 hot=0.000 ใช้เวลา 0ms
2025-10-20 17:06:57,784 INFO [d1] โทนสีสรุปเบื้องต้น: success
2025-10-20 17:06:57,785 INFO [d1] ผลลัพธ์: สำเร็จ (+1) → success=4
2025-10-20 17:06:57,786 INFO [d1] heartbeat items=0 target=+5
2025-10-20 17:06:57,937 INFO [d1] stage=upgrade item_idx=4 target=+5 base=None succ=4
2025-10-20 17:06:57,939 INFO [d1] UPGRADE base=0 succ=4 cur=4 / target=+5
2025-10-20 17:06:57,940 INFO [d1] แตะปุ่มอัปเกรด @(844,626)
2025-10-20 17:07:00,872 INFO [d1] จับภาพ overlay_abs (ใช้เวลา 695ms)
2025-10-20 17:07:00,873 INFO [TONE] cold=0.371 hot=0.000 ใช้เวลา 0ms
2025-10-20 17:07:00,875 INFO [d1] โทนสีสรุปเบื้องต้น: success
2025-10-20 17:07:00,876 INFO [d1] ผลลัพธ์: สำเร็จ (+1) → success=5
2025-10-20 17:07:00,877 INFO [d1] heartbeat items=0 target=+5
2025-10-20 17:07:01,028 INFO [d1] stage=upgrade item_idx=4 target=+5 base=None succ=5
2025-10-20 17:07:01,029 INFO [d1] UPGRADE base=0 succ=5 cur=5 / target=+5
2025-10-20 17:07:01,030 INFO [d1] ถึงเป้าหมาย +5 แล้ว → นับสำเร็จ 1 ชิ้น และไปชิ้นถัดไป
2025-10-20 17:07:01,182 INFO [d1] stage=pick item_idx=5 target=+5 base=None succ=5
2025-10-20 17:07:01,183 INFO [d1] แตะไอเทม idx=5 @(585,170)
2025-10-20 17:07:03,299 INFO [d1] heartbeat items=0 target=+5
2025-10-20 17:07:03,450 INFO [d1] stage=inspect item_idx=5 target=+5 base=None succ=5
2025-10-20 17:07:03,502 INFO [d1] heartbeat items=0 target=+5
2025-10-20 17:07:03,654 INFO [d1] stage=inspect item_idx=5 target=+5 base=None succ=5
2025-10-20 17:07:04,236 INFO [d1] จับภาพสถานะ slot_status (ใช้เวลา 580ms)
2025-10-20 17:07:04,550 INFO [OCR] อ่านตัวเลขสถานะ: raw='3' -> digits='3' ใช้เวลา 312ms
2025-10-20 17:07:04,552 INFO [d1] OCR ระดับฐาน ปัจจุบันอ่านได้ n=3
2025-10-20 17:07:04,553 INFO [d1] ตัดสินใจ INSERT (n=3)
2025-10-20 17:07:04,705 INFO [d1] stage=insert item_idx=5 target=+5 base=3 succ=5
2025-10-20 17:07:09,654 INFO [d1] heartbeat items=0 target=+5
2025-10-20 17:07:09,806 INFO [d1] stage=upgrade item_idx=5 target=+5 base=3 succ=0
2025-10-20 17:07:09,807 INFO [d1] UPGRADE base=3 succ=0 cur=3 / target=+5
2025-10-20 17:07:09,808 INFO [d1] แตะปุ่มอัปเกรด @(844,626)
2025-10-20 17:07:12,953 INFO [d1] จับภาพ overlay_abs (ใช้เวลา 759ms)
2025-10-20 17:07:12,955 INFO [TONE] cold=0.270 hot=0.019 ใช้เวลา 0ms
2025-10-20 17:07:12,956 INFO [d1] โทนสีสรุปเบื้องต้น: success
2025-10-20 17:07:12,957 INFO [d1] ผลลัพธ์: สำเร็จ (+1) → success=1
2025-10-20 17:07:12,958 INFO [d1] heartbeat items=0 target=+5
2025-10-20 17:07:13,109 INFO [d1] stage=upgrade item_idx=5 target=+5 base=3 succ=1
2025-10-20 17:07:13,111 INFO [d1] UPGRADE base=3 succ=1 cur=4 / target=+5
2025-10-20 17:07:13,112 INFO [d1] แตะปุ่มอัปเกรด @(844,626)
2025-10-20 17:07:16,099 INFO [d1] จับภาพ overlay_abs (ใช้เวลา 698ms)
2025-10-20 17:07:16,101 INFO [TONE] cold=0.266 hot=0.019 ใช้เวลา 0ms
2025-10-20 17:07:16,102 INFO [d1] โทนสีสรุปเบื้องต้น: success
2025-10-20 17:07:16,103 INFO [d1] ผลลัพธ์: สำเร็จ (+1) → success=2
2025-10-20 17:07:16,255 INFO [d1] stage=upgrade item_idx=5 target=+5 base=3 succ=2
2025-10-20 17:07:16,256 INFO [d1] UPGRADE base=3 succ=2 cur=5 / target=+5
2025-10-20 17:07:16,257 INFO [d1] ถึงเป้าหมาย +5 แล้ว → นับสำเร็จ 1 ชิ้น และไปชิ้นถัดไป
2025-10-20 17:07:16,408 INFO [d1] stage=pick item_idx=6 target=+5 base=3 succ=2
2025-10-20 17:07:16,409 INFO [d1] แตะไอเทม idx=0 @(285,170)
2025-10-20 17:07:18,411 INFO [d1] heartbeat items=0 target=+5
2025-10-20 17:07:18,563 INFO [d1] stage=inspect item_idx=6 target=+5 base=3 succ=2
2025-10-20 17:07:18,615 INFO [d1] heartbeat items=0 target=+5
2025-10-20 17:07:18,767 INFO [d1] stage=inspect item_idx=6 target=+5 base=3 succ=2
2025-10-20 17:07:19,444 INFO [d1] จับภาพสถานะ slot_status (ใช้เวลา 675ms)
2025-10-20 17:07:19,770 INFO [OCR] อ่านตัวเลขสถานะ: raw='' -> digits='' ใช้เวลา 324ms
2025-10-20 17:07:19,772 INFO [d1] OCR ระดับฐาน ปัจจุบันอ่านได้ n=None
2025-10-20 17:07:19,773 INFO [d1] ตัดสินใจ INSERT (n=None)
2025-10-20 17:07:19,924 INFO [d1] stage=insert item_idx=6 target=+5 base=None succ=2
2025-10-20 17:07:24,897 INFO [d1] heartbeat items=0 target=+5
2025-10-20 17:07:25,048 INFO [d1] stage=upgrade item_idx=6 target=+5 base=None succ=0
2025-10-20 17:07:25,049 INFO [d1] UPGRADE base=0 succ=0 cur=0 / target=+5
2025-10-20 17:07:25,050 INFO [d1] แตะปุ่มอัปเกรด @(844,626)
2025-10-20 17:07:28,131 INFO [d1] จับภาพ overlay_abs (ใช้เวลา 658ms)
2025-10-20 17:07:28,133 INFO [TONE] cold=0.266 hot=0.019 ใช้เวลา 0ms
2025-10-20 17:07:28,134 INFO [d1] โทนสีสรุปเบื้องต้น: success
2025-10-20 17:07:28,136 INFO [d1] ผลลัพธ์: สำเร็จ (+1) → success=1
2025-10-20 17:07:28,287 INFO [d1] stage=upgrade item_idx=6 target=+5 base=None succ=1
2025-10-20 17:07:28,288 INFO [d1] UPGRADE base=0 succ=1 cur=1 / target=+5
2025-10-20 17:07:28,289 INFO [d1] แตะปุ่มอัปเกรด @(844,626)
2025-10-20 17:07:29,958 INFO [d1] stopping...
2025-10-20 17:07:31,416 INFO [d1] จับภาพ overlay_abs (ใช้เวลา 687ms)
2025-10-20 17:07:31,418 INFO [TONE] cold=0.265 hot=0.019 ใช้เวลา 0ms
2025-10-20 17:07:31,419 INFO [d1] โทนสีสรุปเบื้องต้น: success
2025-10-20 17:07:31,420 INFO [d1] ผลลัพธ์: สำเร็จ (+1) → success=2
2025-10-20 17:07:31,572 INFO [d1] loop exit (state=stopping)
2025-10-20 17:07:31,573 INFO [d1] stopped
2025-10-22 13:07:37,275 INFO === BOOT OK / logger stdout test ===
2025-10-22 16:23:04,550 INFO === BOOT OK / logger stdout test ===
2025-10-22 16:24:00,404 INFO === BOOT OK / logger stdout test ===
2025-10-22 16:43:25,293 INFO === BOOT OK / logger stdout test ===
2025-10-22 17:12:57,114 INFO === BOOT OK / logger stdout test ===
2025-10-22 17:13:25,257 INFO [d1] start
2025-10-22 17:13:26,390 INFO [d1] loop start
2025-10-22 17:13:26,391 INFO [d1] เริ่มคอนเท็กซ์ใหม่ stage=pick item_idx=0
2025-10-22 17:13:26,392 INFO [d1] stage=pick item_idx=0 target=+5 base=None succ=0
2025-10-22 17:13:26,394 INFO [d1] แตะไอเทม idx=0 @(285,170)
2025-10-22 17:13:28,626 INFO [d1] stage=inspect item_idx=0 target=+5 base=None succ=0
2025-10-22 17:13:28,827 INFO [d1] stage=inspect item_idx=0 target=+5 base=None succ=0
2025-10-22 17:13:29,391 INFO [d1] จับภาพสถานะ slot_status (ใช้เวลา 561ms)
2025-10-22 17:13:29,840 INFO [OCR] อ่านตัวเลขสถานะ: raw='' -> digits='' ใช้เวลา 412ms
2025-10-22 17:13:29,841 INFO [d1] OCR ระดับฐาน ปัจจุบันอ่านได้ n=None
2025-10-22 17:13:29,842 INFO [d1] ตัดสินใจ INSERT (n=None)
2025-10-22 17:13:29,994 INFO [d1] stage=insert item_idx=0 target=+5 base=None succ=0
2025-10-22 17:13:34,986 INFO [d1] stage=upgrade item_idx=0 target=+5 base=None succ=0
2025-10-22 17:13:34,987 INFO [d1] UPGRADE base=0 succ=0 cur=0 / target=+5
2025-10-22 17:13:34,988 INFO [d1] แตะปุ่มอัปเกรด @(844,626)
2025-10-22 17:13:37,810 INFO [d1] จับภาพ overlay_abs (ใช้เวลา 574ms)
2025-10-22 17:13:37,815 INFO [TONE] cold=0.362 hot=0.000 ใช้เวลา 4ms
2025-10-22 17:13:37,816 INFO [d1] โทนสีสรุปเบื้องต้น: success
2025-10-22 17:13:37,818 INFO [d1] ผลลัพธ์: สำเร็จ (+1) → success=1
2025-10-22 17:13:37,969 INFO [d1] stage=upgrade item_idx=0 target=+5 base=None succ=1
2025-10-22 17:13:37,970 INFO [d1] UPGRADE base=0 succ=1 cur=1 / target=+5
2025-10-22 17:13:37,971 INFO [d1] แตะปุ่มอัปเกรด @(844,626)
2025-10-22 17:13:40,920 INFO [d1] จับภาพ overlay_abs (ใช้เวลา 523ms)
2025-10-22 17:13:40,922 INFO [TONE] cold=0.370 hot=0.000 ใช้เวลา 0ms
2025-10-22 17:13:40,924 INFO [d1] โทนสีสรุปเบื้องต้น: success
2025-10-22 17:13:40,926 INFO [d1] ผลลัพธ์: สำเร็จ (+1) → success=2
2025-10-22 17:13:41,077 INFO [d1] stage=upgrade item_idx=0 target=+5 base=None succ=2
2025-10-22 17:13:41,078 INFO [d1] UPGRADE base=0 succ=2 cur=2 / target=+5
2025-10-22 17:13:41,080 INFO [d1] แตะปุ่มอัปเกรด @(844,626)
2025-10-22 17:13:42,465 INFO [d1] stopping...
2025-10-22 17:13:43,974 INFO [d1] จับภาพ overlay_abs (ใช้เวลา 654ms)
2025-10-22 17:13:43,976 INFO [TONE] cold=0.363 hot=0.000 ใช้เวลา 0ms
2025-10-22 17:13:43,977 INFO [d1] โทนสีสรุปเบื้องต้น: success
2025-10-22 17:13:43,978 INFO [d1] ผลลัพธ์: สำเร็จ (+1) → success=3
2025-10-22 17:13:44,130 INFO [d1] loop exit (state=stopping)
2025-10-22 17:13:44,132 INFO [d1] stopped
2025-10-22 17:15:40,452 INFO [d1] start
2025-10-22 17:15:41,324 INFO [d1] loop start
2025-10-22 17:15:41,326 INFO [d1] stage=upgrade item_idx=0 target=+5 base=None succ=3
2025-10-22 17:15:41,327 INFO [d1] UPGRADE base=0 succ=3 cur=3 / target=+5
2025-10-22 17:15:41,329 INFO [d1] แตะปุ่มอัปเกรด @(844,626)
2025-10-22 17:15:44,481 INFO [d1] จับภาพ overlay_abs (ใช้เวลา 753ms)
2025-10-22 17:15:44,483 INFO [TONE] cold=0.361 hot=0.000 ใช้เวลา 0ms
2025-10-22 17:15:44,485 INFO [d1] โทนสีสรุปเบื้องต้น: success
2025-10-22 17:15:44,487 INFO [d1] ผลลัพธ์: สำเร็จ (+1) → success=4
2025-10-22 17:15:44,639 INFO [d1] stage=upgrade item_idx=0 target=+5 base=None succ=4
2025-10-22 17:15:44,640 INFO [d1] UPGRADE base=0 succ=4 cur=4 / target=+5
2025-10-22 17:15:44,641 INFO [d1] แตะปุ่มอัปเกรด @(844,626)
2025-10-22 17:15:47,478 INFO [d1] จับภาพ overlay_abs (ใช้เวลา 533ms)
2025-10-22 17:15:47,480 INFO [TONE] cold=0.374 hot=0.000 ใช้เวลา 0ms
2025-10-22 17:15:47,482 INFO [d1] โทนสีสรุปเบื้องต้น: success
2025-10-22 17:15:47,483 INFO [d1] ผลลัพธ์: สำเร็จ (+1) → success=5
2025-10-22 17:15:47,635 INFO [d1] stage=upgrade item_idx=0 target=+5 base=None succ=5
2025-10-22 17:15:47,636 INFO [d1] UPGRADE base=0 succ=5 cur=5 / target=+5
2025-10-22 17:15:47,637 INFO [d1] ถึงเป้าหมาย +5 แล้ว → นับสำเร็จ 1 ชิ้น และไปชิ้นถัดไป
2025-10-22 17:15:47,788 INFO [d1] stage=pick item_idx=1 target=+5 base=None succ=5
2025-10-22 17:15:47,789 INFO [d1] แตะไอเทม idx=1 @(345,170)
2025-10-22 17:15:49,965 INFO [d1] stage=inspect item_idx=1 target=+5 base=None succ=5
2025-10-22 17:15:50,168 INFO [d1] stage=inspect item_idx=1 target=+5 base=None succ=5
2025-10-22 17:15:50,816 INFO [d1] จับภาพสถานะ slot_status (ใช้เวลา 646ms)
2025-10-22 17:15:51,132 INFO [OCR] อ่านตัวเลขสถานะ: raw='' -> digits='' ใช้เวลา 315ms
2025-10-22 17:15:51,133 INFO [d1] OCR ระดับฐาน ปัจจุบันอ่านได้ n=None
2025-10-22 17:15:51,135 INFO [d1] ตัดสินใจ INSERT (n=None)
2025-10-22 17:15:51,136 INFO [d1] heartbeat items=0 target=+5
2025-10-22 17:15:51,287 INFO [d1] stage=insert item_idx=1 target=+5 base=None succ=5
2025-10-22 17:15:56,493 INFO [d1] stage=upgrade item_idx=1 target=+5 base=None succ=0
2025-10-22 17:15:56,494 INFO [d1] UPGRADE base=0 succ=0 cur=0 / target=+5
2025-10-22 17:15:56,496 INFO [d1] แตะปุ่มอัปเกรด @(844,626)
2025-10-22 17:15:59,730 INFO [d1] จับภาพ overlay_abs (ใช้เวลา 688ms)
2025-10-22 17:15:59,732 INFO [TONE] cold=0.361 hot=0.000 ใช้เวลา 0ms
2025-10-22 17:15:59,733 INFO [d1] โทนสีสรุปเบื้องต้น: success
2025-10-22 17:15:59,734 INFO [d1] ผลลัพธ์: สำเร็จ (+1) → success=1
2025-10-22 17:15:59,885 INFO [d1] stage=upgrade item_idx=1 target=+5 base=None succ=1
2025-10-22 17:15:59,888 INFO [d1] UPGRADE base=0 succ=1 cur=1 / target=+5
2025-10-22 17:15:59,890 INFO [d1] แตะปุ่มอัปเกรด @(844,626)
2025-10-22 17:16:03,107 INFO [d1] จับภาพ overlay_abs (ใช้เวลา 783ms)
2025-10-22 17:16:03,109 INFO [TONE] cold=0.365 hot=0.000 ใช้เวลา 0ms
2025-10-22 17:16:03,110 INFO [d1] โทนสีสรุปเบื้องต้น: success
2025-10-22 17:16:03,112 INFO [d1] ผลลัพธ์: สำเร็จ (+1) → success=2
2025-10-22 17:16:03,113 INFO [d1] heartbeat items=0 target=+5
2025-10-22 17:16:03,265 INFO [d1] stage=upgrade item_idx=1 target=+5 base=None succ=2
2025-10-22 17:16:03,266 INFO [d1] UPGRADE base=0 succ=2 cur=2 / target=+5
2025-10-22 17:16:03,268 INFO [d1] แตะปุ่มอัปเกรด @(844,626)
2025-10-22 17:16:06,349 INFO [d1] จับภาพ overlay_abs (ใช้เวลา 666ms)
2025-10-22 17:16:06,351 INFO [TONE] cold=0.367 hot=0.000 ใช้เวลา 0ms
2025-10-22 17:16:06,352 INFO [d1] โทนสีสรุปเบื้องต้น: success
2025-10-22 17:16:06,353 INFO [d1] ผลลัพธ์: สำเร็จ (+1) → success=3
2025-10-22 17:16:06,354 INFO [d1] heartbeat items=0 target=+5
2025-10-22 17:16:06,506 INFO [d1] stage=upgrade item_idx=1 target=+5 base=None succ=3
2025-10-22 17:16:06,507 INFO [d1] UPGRADE base=0 succ=3 cur=3 / target=+5
2025-10-22 17:16:06,508 INFO [d1] แตะปุ่มอัปเกรด @(844,626)
2025-10-22 17:16:09,733 INFO [d1] จับภาพ overlay_abs (ใช้เวลา 648ms)
2025-10-22 17:16:09,735 INFO [TONE] cold=0.360 hot=0.000 ใช้เวลา 0ms
2025-10-22 17:16:09,737 INFO [d1] โทนสีสรุปเบื้องต้น: success
2025-10-22 17:16:09,739 INFO [d1] ผลลัพธ์: สำเร็จ (+1) → success=4
2025-10-22 17:16:09,740 INFO [d1] heartbeat items=0 target=+5
2025-10-22 17:16:09,892 INFO [d1] stage=upgrade item_idx=1 target=+5 base=None succ=4
2025-10-22 17:16:09,893 INFO [d1] UPGRADE base=0 succ=4 cur=4 / target=+5
2025-10-22 17:16:09,895 INFO [d1] แตะปุ่มอัปเกรด @(844,626)
2025-10-22 17:16:13,420 INFO [d1] จับภาพ overlay_abs (ใช้เวลา 842ms)
2025-10-22 17:16:13,422 INFO [TONE] cold=0.374 hot=0.000 ใช้เวลา 0ms
2025-10-22 17:16:13,424 INFO [d1] โทนสีสรุปเบื้องต้น: success
2025-10-22 17:16:13,426 INFO [d1] ผลลัพธ์: สำเร็จ (+1) → success=5
2025-10-22 17:16:13,577 INFO [d1] stage=upgrade item_idx=1 target=+5 base=None succ=5
2025-10-22 17:16:13,579 INFO [d1] UPGRADE base=0 succ=5 cur=5 / target=+5
2025-10-22 17:16:13,580 INFO [d1] ถึงเป้าหมาย +5 แล้ว → นับสำเร็จ 1 ชิ้น และไปชิ้นถัดไป
2025-10-22 17:16:13,732 INFO [d1] stage=pick item_idx=2 target=+5 base=None succ=5
2025-10-22 17:16:13,733 INFO [d1] แตะไอเทม idx=2 @(405,170)
2025-10-22 17:16:15,933 INFO [d1] heartbeat items=0 target=+5
2025-10-22 17:16:16,085 INFO [d1] stage=inspect item_idx=2 target=+5 base=None succ=5
2025-10-22 17:16:16,287 INFO [d1] stage=inspect item_idx=2 target=+5 base=None succ=5
2025-10-22 17:16:17,096 INFO [d1] จับภาพสถานะ slot_status (ใช้เวลา 806ms)
2025-10-22 17:16:17,436 INFO [OCR] อ่านตัวเลขสถานะ: raw='' -> digits='' ใช้เวลา 338ms
2025-10-22 17:16:17,438 INFO [d1] OCR ระดับฐาน ปัจจุบันอ่านได้ n=None
2025-10-22 17:16:17,439 INFO [d1] ตัดสินใจ INSERT (n=None)
2025-10-22 17:16:17,590 INFO [d1] stage=insert item_idx=2 target=+5 base=None succ=5
2025-10-22 17:16:22,954 INFO [d1] stage=upgrade item_idx=2 target=+5 base=None succ=0
2025-10-22 17:16:22,956 INFO [d1] UPGRADE base=0 succ=0 cur=0 / target=+5
2025-10-22 17:16:22,958 INFO [d1] แตะปุ่มอัปเกรด @(844,626)
2025-10-22 17:16:26,293 INFO [d1] จับภาพ overlay_abs (ใช้เวลา 830ms)
2025-10-22 17:16:26,295 INFO [TONE] cold=0.374 hot=0.000 ใช้เวลา 0ms
2025-10-22 17:16:26,297 INFO [d1] โทนสีสรุปเบื้องต้น: success
2025-10-22 17:16:26,298 INFO [d1] ผลลัพธ์: สำเร็จ (+1) → success=1
2025-10-22 17:16:26,449 INFO [d1] stage=upgrade item_idx=2 target=+5 base=None succ=1
2025-10-22 17:16:26,451 INFO [d1] UPGRADE base=0 succ=1 cur=1 / target=+5
2025-10-22 17:16:26,452 INFO [d1] แตะปุ่มอัปเกรด @(844,626)
2025-10-22 17:16:29,464 INFO [d1] จับภาพ overlay_abs (ใช้เวลา 578ms)
2025-10-22 17:16:29,466 INFO [TONE] cold=0.362 hot=0.000 ใช้เวลา 0ms
2025-10-22 17:16:29,467 INFO [d1] โทนสีสรุปเบื้องต้น: success
2025-10-22 17:16:29,468 INFO [d1] ผลลัพธ์: สำเร็จ (+1) → success=2
2025-10-22 17:16:29,620 INFO [d1] stage=upgrade item_idx=2 target=+5 base=None succ=2
2025-10-22 17:16:29,621 INFO [d1] UPGRADE base=0 succ=2 cur=2 / target=+5
2025-10-22 17:16:29,622 INFO [d1] แตะปุ่มอัปเกรด @(844,626)
2025-10-22 17:16:32,923 INFO [d1] จับภาพ overlay_abs (ใช้เวลา 620ms)
2025-10-22 17:16:32,925 INFO [TONE] cold=0.363 hot=0.000 ใช้เวลา 0ms
2025-10-22 17:16:32,927 INFO [d1] โทนสีสรุปเบื้องต้น: success
2025-10-22 17:16:32,928 INFO [d1] ผลลัพธ์: สำเร็จ (+1) → success=3
2025-10-22 17:16:33,079 INFO [d1] stage=upgrade item_idx=2 target=+5 base=None succ=3
2025-10-22 17:16:33,081 INFO [d1] UPGRADE base=0 succ=3 cur=3 / target=+5
2025-10-22 17:16:33,082 INFO [d1] แตะปุ่มอัปเกรด @(844,626)
2025-10-22 17:16:36,182 INFO [d1] จับภาพ overlay_abs (ใช้เวลา 676ms)
2025-10-22 17:16:36,184 INFO [TONE] cold=0.361 hot=0.000 ใช้เวลา 0ms
2025-10-22 17:16:36,185 INFO [d1] โทนสีสรุปเบื้องต้น: success
2025-10-22 17:16:36,186 INFO [d1] ผลลัพธ์: สำเร็จ (+1) → success=4
2025-10-22 17:16:36,188 INFO [d1] heartbeat items=0 target=+5
2025-10-22 17:16:36,339 INFO [d1] stage=upgrade item_idx=2 target=+5 base=None succ=4
2025-10-22 17:16:36,340 INFO [d1] UPGRADE base=0 succ=4 cur=4 / target=+5
2025-10-22 17:16:36,341 INFO [d1] แตะปุ่มอัปเกรด @(844,626)
2025-10-22 17:16:39,436 INFO [d1] จับภาพ overlay_abs (ใช้เวลา 647ms)
2025-10-22 17:16:39,438 INFO [TONE] cold=0.363 hot=0.000 ใช้เวลา 0ms
2025-10-22 17:16:39,439 INFO [d1] โทนสีสรุปเบื้องต้น: success
2025-10-22 17:16:39,440 INFO [d1] ผลลัพธ์: สำเร็จ (+1) → success=5
2025-10-22 17:16:39,442 INFO [d1] heartbeat items=0 target=+5
2025-10-22 17:16:39,593 INFO [d1] stage=upgrade item_idx=2 target=+5 base=None succ=5
2025-10-22 17:16:39,595 INFO [d1] UPGRADE base=0 succ=5 cur=5 / target=+5
2025-10-22 17:16:39,596 INFO [d1] ถึงเป้าหมาย +5 แล้ว → นับสำเร็จ 1 ชิ้น และไปชิ้นถัดไป
2025-10-22 17:16:39,597 INFO [d1] heartbeat items=0 target=+5
2025-10-22 17:16:39,749 INFO [d1] stage=pick item_idx=3 target=+5 base=None succ=5
2025-10-22 17:16:39,750 INFO [d1] แตะไอเทม idx=3 @(465,170)
2025-10-22 17:16:42,035 INFO [d1] stage=inspect item_idx=3 target=+5 base=None succ=5
2025-10-22 17:16:42,088 INFO [d1] heartbeat items=0 target=+5
2025-10-22 17:16:42,240 INFO [d1] stage=inspect item_idx=3 target=+5 base=None succ=5
2025-10-22 17:16:42,856 INFO [d1] จับภาพสถานะ slot_status (ใช้เวลา 614ms)
2025-10-22 17:16:43,175 INFO [OCR] อ่านตัวเลขสถานะ: raw='' -> digits='' ใช้เวลา 318ms
2025-10-22 17:16:43,177 INFO [d1] OCR ระดับฐาน ปัจจุบันอ่านได้ n=None
2025-10-22 17:16:43,178 INFO [d1] ตัดสินใจ INSERT (n=None)
2025-10-22 17:16:43,330 INFO [d1] stage=insert item_idx=3 target=+5 base=None succ=5
2025-10-22 17:16:48,573 INFO [d1] heartbeat items=0 target=+5
2025-10-22 17:16:48,725 INFO [d1] stage=upgrade item_idx=3 target=+5 base=None succ=0
2025-10-22 17:16:48,728 INFO [d1] UPGRADE base=0 succ=0 cur=0 / target=+5
2025-10-22 17:16:48,729 INFO [d1] แตะปุ่มอัปเกรด @(844,626)
2025-10-22 17:16:51,648 INFO [d1] จับภาพ overlay_abs (ใช้เวลา 642ms)
2025-10-22 17:16:51,649 INFO [TONE] cold=0.374 hot=0.000 ใช้เวลา 0ms
2025-10-22 17:16:51,651 INFO [d1] โทนสีสรุปเบื้องต้น: success
2025-10-22 17:16:51,652 INFO [d1] ผลลัพธ์: สำเร็จ (+1) → success=1
2025-10-22 17:16:51,653 INFO [d1] heartbeat items=0 target=+5
2025-10-22 17:16:51,805 INFO [d1] stage=upgrade item_idx=3 target=+5 base=None succ=1
2025-10-22 17:16:51,806 INFO [d1] UPGRADE base=0 succ=1 cur=1 / target=+5
2025-10-22 17:16:51,808 INFO [d1] แตะปุ่มอัปเกรด @(844,626)
2025-10-22 17:16:54,675 INFO [d1] จับภาพ overlay_abs (ใช้เวลา 586ms)
2025-10-22 17:16:54,677 INFO [TONE] cold=0.374 hot=0.000 ใช้เวลา 0ms
2025-10-22 17:16:54,678 INFO [d1] โทนสีสรุปเบื้องต้น: success
2025-10-22 17:16:54,680 INFO [d1] ผลลัพธ์: สำเร็จ (+1) → success=2
2025-10-22 17:16:54,681 INFO [d1] heartbeat items=0 target=+5
2025-10-22 17:16:54,833 INFO [d1] stage=upgrade item_idx=3 target=+5 base=None succ=2
2025-10-22 17:16:54,834 INFO [d1] UPGRADE base=0 succ=2 cur=2 / target=+5
2025-10-22 17:16:54,835 INFO [d1] แตะปุ่มอัปเกรด @(844,626)
2025-10-22 17:16:57,945 INFO [d1] จับภาพ overlay_abs (ใช้เวลา 762ms)
2025-10-22 17:16:57,947 INFO [TONE] cold=0.367 hot=0.000 ใช้เวลา 0ms
2025-10-22 17:16:57,948 INFO [d1] โทนสีสรุปเบื้องต้น: success
2025-10-22 17:16:57,950 INFO [d1] ผลลัพธ์: สำเร็จ (+1) → success=3
2025-10-22 17:16:57,951 INFO [d1] heartbeat items=0 target=+5
2025-10-22 17:16:58,103 INFO [d1] stage=upgrade item_idx=3 target=+5 base=None succ=3
2025-10-22 17:16:58,104 INFO [d1] UPGRADE base=0 succ=3 cur=3 / target=+5
2025-10-22 17:16:58,106 INFO [d1] แตะปุ่มอัปเกรด @(844,626)
2025-10-22 17:17:01,253 INFO [d1] จับภาพ overlay_abs (ใช้เวลา 612ms)
2025-10-22 17:17:01,255 INFO [TONE] cold=0.360 hot=0.000 ใช้เวลา 0ms
2025-10-22 17:17:01,256 INFO [d1] โทนสีสรุปเบื้องต้น: success
2025-10-22 17:17:01,257 INFO [d1] ผลลัพธ์: สำเร็จ (+1) → success=4
2025-10-22 17:17:01,409 INFO [d1] stage=upgrade item_idx=3 target=+5 base=None succ=4
2025-10-22 17:17:01,411 INFO [d1] UPGRADE base=0 succ=4 cur=4 / target=+5
2025-10-22 17:17:01,412 INFO [d1] แตะปุ่มอัปเกรด @(844,626)
2025-10-22 17:17:04,345 INFO [d1] จับภาพ overlay_abs (ใช้เวลา 593ms)
2025-10-22 17:17:04,347 INFO [TONE] cold=0.362 hot=0.000 ใช้เวลา 0ms
2025-10-22 17:17:04,348 INFO [d1] โทนสีสรุปเบื้องต้น: success
2025-10-22 17:17:04,349 INFO [d1] ผลลัพธ์: สำเร็จ (+1) → success=5
2025-10-22 17:17:04,500 INFO [d1] stage=upgrade item_idx=3 target=+5 base=None succ=5
2025-10-22 17:17:04,501 INFO [d1] UPGRADE base=0 succ=5 cur=5 / target=+5
2025-10-22 17:17:04,502 INFO [d1] ถึงเป้าหมาย +5 แล้ว → นับสำเร็จ 1 ชิ้น และไปชิ้นถัดไป
2025-10-22 17:17:04,654 INFO [d1] stage=pick item_idx=4 target=+5 base=None succ=5
2025-10-22 17:17:04,655 INFO [d1] แตะไอเทม idx=4 @(525,170)
2025-10-22 17:17:06,726 INFO [d1] heartbeat items=0 target=+5
2025-10-22 17:17:06,878 INFO [d1] stage=inspect item_idx=4 target=+5 base=None succ=5
2025-10-22 17:17:06,930 INFO [d1] heartbeat items=0 target=+5
2025-10-22 17:17:07,082 INFO [d1] stage=inspect item_idx=4 target=+5 base=None succ=5
2025-10-22 17:17:07,724 INFO [d1] จับภาพสถานะ slot_status (ใช้เวลา 639ms)
2025-10-22 17:17:08,038 INFO [OCR] อ่านตัวเลขสถานะ: raw='- 7' -> digits='7' ใช้เวลา 312ms
2025-10-22 17:17:08,039 INFO [d1] OCR ระดับฐาน ปัจจุบันอ่านได้ n=7
2025-10-22 17:17:08,040 INFO [d1] ข้ามไอเทมนี้ (n=7 >= 5) → ไปชิ้นถัดไป
2025-10-22 17:17:08,191 INFO [d1] stage=pick item_idx=5 target=+5 base=7 succ=5
2025-10-22 17:17:08,193 INFO [d1] แตะไอเทม idx=5 @(585,170)
2025-10-22 17:17:10,516 INFO [d1] stage=inspect item_idx=5 target=+5 base=7 succ=5
2025-10-22 17:17:10,717 INFO [d1] stage=inspect item_idx=5 target=+5 base=7 succ=5
2025-10-22 17:17:11,418 INFO [d1] จับภาพสถานะ slot_status (ใช้เวลา 698ms)
2025-10-22 17:17:11,762 INFO [OCR] อ่านตัวเลขสถานะ: raw='' -> digits='' ใช้เวลา 341ms
2025-10-22 17:17:11,763 INFO [d1] OCR ระดับฐาน ปัจจุบันอ่านได้ n=None
2025-10-22 17:17:11,764 INFO [d1] ตัดสินใจ INSERT (n=None)
2025-10-22 17:17:11,916 INFO [d1] stage=insert item_idx=5 target=+5 base=None succ=5
2025-10-22 17:17:16,949 INFO [d1] stage=upgrade item_idx=5 target=+5 base=None succ=0
2025-10-22 17:17:16,950 INFO [d1] UPGRADE base=0 succ=0 cur=0 / target=+5
2025-10-22 17:17:16,951 INFO [d1] แตะปุ่มอัปเกรด @(844,626)
2025-10-22 17:17:19,812 INFO [d1] จับภาพ overlay_abs (ใช้เวลา 597ms)
2025-10-22 17:17:19,814 INFO [TONE] cold=0.367 hot=0.000 ใช้เวลา 0ms
2025-10-22 17:17:19,815 INFO [d1] โทนสีสรุปเบื้องต้น: success
2025-10-22 17:17:19,816 INFO [d1] ผลลัพธ์: สำเร็จ (+1) → success=1
2025-10-22 17:17:19,968 INFO [d1] stage=upgrade item_idx=5 target=+5 base=None succ=1
2025-10-22 17:17:19,969 INFO [d1] UPGRADE base=0 succ=1 cur=1 / target=+5
2025-10-22 17:17:19,971 INFO [d1] แตะปุ่มอัปเกรด @(844,626)
2025-10-22 17:17:22,890 INFO [d1] จับภาพ overlay_abs (ใช้เวลา 664ms)
2025-10-22 17:17:22,893 INFO [TONE] cold=0.366 hot=0.000 ใช้เวลา 0ms
2025-10-22 17:17:22,895 INFO [d1] โทนสีสรุปเบื้องต้น: success
2025-10-22 17:17:22,897 INFO [d1] ผลลัพธ์: สำเร็จ (+1) → success=2
2025-10-22 17:17:23,049 INFO [d1] stage=upgrade item_idx=5 target=+5 base=None succ=2
2025-10-22 17:17:23,051 INFO [d1] UPGRADE base=0 succ=2 cur=2 / target=+5
2025-10-22 17:17:23,052 INFO [d1] แตะปุ่มอัปเกรด @(844,626)
2025-10-22 17:17:26,142 INFO [d1] จับภาพ overlay_abs (ใช้เวลา 598ms)
2025-10-22 17:17:26,144 INFO [TONE] cold=0.361 hot=0.000 ใช้เวลา 0ms
2025-10-22 17:17:26,145 INFO [d1] โทนสีสรุปเบื้องต้น: success
2025-10-22 17:17:26,146 INFO [d1] ผลลัพธ์: สำเร็จ (+1) → success=3
2025-10-22 17:17:26,299 INFO [d1] stage=upgrade item_idx=5 target=+5 base=None succ=3
2025-10-22 17:17:26,300 INFO [d1] UPGRADE base=0 succ=3 cur=3 / target=+5
2025-10-22 17:17:26,302 INFO [d1] แตะปุ่มอัปเกรด @(844,626)
2025-10-22 17:17:29,227 INFO [d1] จับภาพ overlay_abs (ใช้เวลา 596ms)
2025-10-22 17:17:29,229 INFO [TONE] cold=0.360 hot=0.000 ใช้เวลา 0ms
2025-10-22 17:17:29,230 INFO [d1] โทนสีสรุปเบื้องต้น: success
2025-10-22 17:17:29,231 INFO [d1] ผลลัพธ์: สำเร็จ (+1) → success=4
2025-10-22 17:17:29,383 INFO [d1] stage=upgrade item_idx=5 target=+5 base=None succ=4
2025-10-22 17:17:29,384 INFO [d1] UPGRADE base=0 succ=4 cur=4 / target=+5
2025-10-22 17:17:29,385 INFO [d1] แตะปุ่มอัปเกรด @(844,626)
2025-10-22 17:17:32,290 INFO [d1] จับภาพ overlay_abs (ใช้เวลา 632ms)
2025-10-22 17:17:32,292 INFO [TONE] cold=0.360 hot=0.000 ใช้เวลา 0ms
2025-10-22 17:17:32,293 INFO [d1] โทนสีสรุปเบื้องต้น: success
2025-10-22 17:17:32,294 INFO [d1] ผลลัพธ์: สำเร็จ (+1) → success=5
2025-10-22 17:17:32,446 INFO [d1] stage=upgrade item_idx=5 target=+5 base=None succ=5
2025-10-22 17:17:32,447 INFO [d1] UPGRADE base=0 succ=5 cur=5 / target=+5
2025-10-22 17:17:32,449 INFO [d1] ถึงเป้าหมาย +5 แล้ว → นับสำเร็จ 1 ชิ้น และไปชิ้นถัดไป
2025-10-22 17:17:32,600 INFO [d1] stage=pick item_idx=6 target=+5 base=None succ=5
2025-10-22 17:17:32,601 INFO [d1] แตะไอเทม idx=0 @(285,170)
2025-10-22 17:17:34,731 INFO [d1] stage=inspect item_idx=6 target=+5 base=None succ=5
2025-10-22 17:17:34,933 INFO [d1] stage=inspect item_idx=6 target=+5 base=None succ=5
2025-10-22 17:17:35,615 INFO [d1] จับภาพสถานะ slot_status (ใช้เวลา 681ms)
2025-10-22 17:17:35,944 INFO [OCR] อ่านตัวเลขสถานะ: raw='' -> digits='' ใช้เวลา 327ms
2025-10-22 17:17:35,946 INFO [d1] OCR ระดับฐาน ปัจจุบันอ่านได้ n=None
2025-10-22 17:17:35,947 INFO [d1] ตัดสินใจ INSERT (n=None)
2025-10-22 17:17:36,098 INFO [d1] stage=insert item_idx=6 target=+5 base=None succ=5
2025-10-22 17:17:41,218 INFO [d1] stage=upgrade item_idx=6 target=+5 base=None succ=0
2025-10-22 17:17:41,219 INFO [d1] UPGRADE base=0 succ=0 cur=0 / target=+5
2025-10-22 17:17:41,221 INFO [d1] แตะปุ่มอัปเกรด @(844,626)
2025-10-22 17:17:44,322 INFO [d1] จับภาพ overlay_abs (ใช้เวลา 695ms)
2025-10-22 17:17:44,324 INFO [TONE] cold=0.360 hot=0.000 ใช้เวลา 0ms
2025-10-22 17:17:44,325 INFO [d1] โทนสีสรุปเบื้องต้น: success
2025-10-22 17:17:44,326 INFO [d1] ผลลัพธ์: สำเร็จ (+1) → success=1
2025-10-22 17:17:44,478 INFO [d1] stage=upgrade item_idx=6 target=+5 base=None succ=1
2025-10-22 17:17:44,479 INFO [d1] UPGRADE base=0 succ=1 cur=1 / target=+5
2025-10-22 17:17:44,481 INFO [d1] แตะปุ่มอัปเกรด @(844,626)
2025-10-22 17:17:47,538 INFO [d1] จับภาพ overlay_abs (ใช้เวลา 742ms)
2025-10-22 17:17:47,540 INFO [TONE] cold=0.363 hot=0.000 ใช้เวลา 0ms
2025-10-22 17:17:47,541 INFO [d1] โทนสีสรุปเบื้องต้น: success
2025-10-22 17:17:47,542 INFO [d1] ผลลัพธ์: สำเร็จ (+1) → success=2
2025-10-22 17:17:47,693 INFO [d1] stage=upgrade item_idx=6 target=+5 base=None succ=2
2025-10-22 17:17:47,694 INFO [d1] UPGRADE base=0 succ=2 cur=2 / target=+5
2025-10-22 17:17:47,695 INFO [d1] แตะปุ่มอัปเกรด @(844,626)
2025-10-22 17:17:50,742 INFO [d1] จับภาพ overlay_abs (ใช้เวลา 633ms)
2025-10-22 17:17:50,744 INFO [TONE] cold=0.373 hot=0.000 ใช้เวลา 0ms
2025-10-22 17:17:50,745 INFO [d1] โทนสีสรุปเบื้องต้น: success
2025-10-22 17:17:50,746 INFO [d1] ผลลัพธ์: สำเร็จ (+1) → success=3
2025-10-22 17:17:50,898 INFO [d1] stage=upgrade item_idx=6 target=+5 base=None succ=3
2025-10-22 17:17:50,900 INFO [d1] UPGRADE base=0 succ=3 cur=3 / target=+5
2025-10-22 17:17:50,901 INFO [d1] แตะปุ่มอัปเกรด @(844,626)
2025-10-22 17:17:53,887 INFO [d1] จับภาพ overlay_abs (ใช้เวลา 643ms)
2025-10-22 17:17:53,888 INFO [TONE] cold=0.365 hot=0.000 ใช้เวลา 0ms
2025-10-22 17:17:53,890 INFO [d1] โทนสีสรุปเบื้องต้น: success
2025-10-22 17:17:53,892 INFO [d1] ผลลัพธ์: สำเร็จ (+1) → success=4
2025-10-22 17:17:54,043 INFO [d1] stage=upgrade item_idx=6 target=+5 base=None succ=4
2025-10-22 17:17:54,045 INFO [d1] UPGRADE base=0 succ=4 cur=4 / target=+5
2025-10-22 17:17:54,046 INFO [d1] แตะปุ่มอัปเกรด @(844,626)
2025-10-22 17:17:57,218 INFO [d1] จับภาพ overlay_abs (ใช้เวลา 802ms)
2025-10-22 17:17:57,221 INFO [TONE] cold=0.362 hot=0.000 ใช้เวลา 0ms
2025-10-22 17:17:57,222 INFO [d1] โทนสีสรุปเบื้องต้น: success
2025-10-22 17:17:57,223 INFO [d1] ผลลัพธ์: สำเร็จ (+1) → success=5
2025-10-22 17:17:57,224 INFO [d1] heartbeat items=0 target=+5
2025-10-22 17:17:57,376 INFO [d1] stage=upgrade item_idx=6 target=+5 base=None succ=5
2025-10-22 17:17:57,377 INFO [d1] UPGRADE base=0 succ=5 cur=5 / target=+5
2025-10-22 17:17:57,379 INFO [d1] ถึงเป้าหมาย +5 แล้ว → นับสำเร็จ 1 ชิ้น และไปชิ้นถัดไป
2025-10-22 17:17:57,380 INFO [d1] heartbeat items=0 target=+5
2025-10-22 17:17:57,532 INFO [d1] stage=pick item_idx=7 target=+5 base=None succ=5
2025-10-22 17:17:57,533 INFO [d1] แตะไอเทม idx=1 @(345,170)
2025-10-22 17:18:00,054 INFO [d1] stage=inspect item_idx=7 target=+5 base=None succ=5
2025-10-22 17:18:00,106 INFO [d1] heartbeat items=0 target=+5
2025-10-22 17:18:00,257 INFO [d1] stage=inspect item_idx=7 target=+5 base=None succ=5
2025-10-22 17:18:00,982 INFO [d1] จับภาพสถานะ slot_status (ใช้เวลา 722ms)
2025-10-22 17:18:01,338 INFO [OCR] อ่านตัวเลขสถานะ: raw='' -> digits='' ใช้เวลา 354ms
2025-10-22 17:18:01,339 INFO [d1] OCR ระดับฐาน ปัจจุบันอ่านได้ n=None
2025-10-22 17:18:01,340 INFO [d1] ตัดสินใจ INSERT (n=None)
2025-10-22 17:18:01,491 INFO [d1] stage=insert item_idx=7 target=+5 base=None succ=5
2025-10-22 17:18:06,936 INFO [d1] heartbeat items=0 target=+5
2025-10-22 17:18:07,088 INFO [d1] stage=upgrade item_idx=7 target=+5 base=None succ=0
2025-10-22 17:18:07,089 INFO [d1] UPGRADE base=0 succ=0 cur=0 / target=+5
2025-10-22 17:18:07,090 INFO [d1] แตะปุ่มอัปเกรด @(844,626)
2025-10-22 17:18:10,176 INFO [d1] จับภาพ overlay_abs (ใช้เวลา 698ms)
2025-10-22 17:18:10,178 INFO [TONE] cold=0.362 hot=0.000 ใช้เวลา 0ms
2025-10-22 17:18:10,179 INFO [d1] โทนสีสรุปเบื้องต้น: success
2025-10-22 17:18:10,181 INFO [d1] ผลลัพธ์: สำเร็จ (+1) → success=1
2025-10-22 17:18:10,332 INFO [d1] stage=upgrade item_idx=7 target=+5 base=None succ=1
2025-10-22 17:18:10,334 INFO [d1] UPGRADE base=0 succ=1 cur=1 / target=+5
2025-10-22 17:18:10,335 INFO [d1] แตะปุ่มอัปเกรด @(844,626)
2025-10-22 17:18:13,309 INFO [d1] จับภาพ overlay_abs (ใช้เวลา 641ms)
2025-10-22 17:18:13,310 INFO [TONE] cold=0.360 hot=0.000 ใช้เวลา 0ms
2025-10-22 17:18:13,312 INFO [d1] โทนสีสรุปเบื้องต้น: success
2025-10-22 17:18:13,313 INFO [d1] ผลลัพธ์: สำเร็จ (+1) → success=2
2025-10-22 17:18:13,465 INFO [d1] stage=upgrade item_idx=7 target=+5 base=None succ=2
2025-10-22 17:18:13,466 INFO [d1] UPGRADE base=0 succ=2 cur=2 / target=+5
2025-10-22 17:18:13,467 INFO [d1] แตะปุ่มอัปเกรด @(844,626)
2025-10-22 17:18:16,390 INFO [d1] จับภาพ overlay_abs (ใช้เวลา 595ms)
2025-10-22 17:18:16,392 INFO [TONE] cold=0.362 hot=0.000 ใช้เวลา 0ms
2025-10-22 17:18:16,393 INFO [d1] โทนสีสรุปเบื้องต้น: success
2025-10-22 17:18:16,395 INFO [d1] ผลลัพธ์: สำเร็จ (+1) → success=3
2025-10-22 17:18:16,547 INFO [d1] stage=upgrade item_idx=7 target=+5 base=None succ=3
2025-10-22 17:18:16,548 INFO [d1] UPGRADE base=0 succ=3 cur=3 / target=+5
2025-10-22 17:18:16,549 INFO [d1] แตะปุ่มอัปเกรด @(844,626)
2025-10-22 17:18:19,500 INFO [d1] จับภาพ overlay_abs (ใช้เวลา 598ms)
2025-10-22 17:18:19,502 INFO [TONE] cold=0.373 hot=0.000 ใช้เวลา 0ms
2025-10-22 17:18:19,503 INFO [d1] โทนสีสรุปเบื้องต้น: success
2025-10-22 17:18:19,504 INFO [d1] ผลลัพธ์: สำเร็จ (+1) → success=4
2025-10-22 17:18:19,655 INFO [d1] stage=upgrade item_idx=7 target=+5 base=None succ=4
2025-10-22 17:18:19,656 INFO [d1] UPGRADE base=0 succ=4 cur=4 / target=+5
2025-10-22 17:18:19,657 INFO [d1] แตะปุ่มอัปเกรด @(844,626)
2025-10-22 17:18:22,588 INFO [d1] จับภาพ overlay_abs (ใช้เวลา 663ms)
2025-10-22 17:18:22,590 INFO [TONE] cold=0.374 hot=0.000 ใช้เวลา 0ms
2025-10-22 17:18:22,591 INFO [d1] โทนสีสรุปเบื้องต้น: success
2025-10-22 17:18:22,592 INFO [d1] ผลลัพธ์: สำเร็จ (+1) → success=5
2025-10-22 17:18:22,743 INFO [d1] stage=upgrade item_idx=7 target=+5 base=None succ=5
2025-10-22 17:18:22,745 INFO [d1] UPGRADE base=0 succ=5 cur=5 / target=+5
2025-10-22 17:18:22,746 INFO [d1] ถึงเป้าหมาย +5 แล้ว → นับสำเร็จ 1 ชิ้น และไปชิ้นถัดไป
2025-10-22 17:18:22,897 INFO [d1] stage=pick item_idx=8 target=+5 base=None succ=5
2025-10-22 17:18:22,898 INFO [d1] แตะไอเทม idx=2 @(405,170)
2025-10-22 17:18:24,996 INFO [d1] heartbeat items=0 target=+5
2025-10-22 17:18:25,148 INFO [d1] stage=inspect item_idx=8 target=+5 base=None succ=5
2025-10-22 17:18:25,349 INFO [d1] stage=inspect item_idx=8 target=+5 base=None succ=5
2025-10-22 17:18:25,914 INFO [d1] จับภาพสถานะ slot_status (ใช้เวลา 563ms)
2025-10-22 17:18:26,238 INFO [OCR] อ่านตัวเลขสถานะ: raw='' -> digits='' ใช้เวลา 322ms
2025-10-22 17:18:26,239 INFO [d1] OCR ระดับฐาน ปัจจุบันอ่านได้ n=None
2025-10-22 17:18:26,241 INFO [d1] ตัดสินใจ INSERT (n=None)
2025-10-22 17:18:26,392 INFO [d1] stage=insert item_idx=8 target=+5 base=None succ=5
2025-10-22 17:18:31,383 INFO [d1] stage=upgrade item_idx=8 target=+5 base=None succ=0
2025-10-22 17:18:31,384 INFO [d1] UPGRADE base=0 succ=0 cur=0 / target=+5
2025-10-22 17:18:31,386 INFO [d1] แตะปุ่มอัปเกรด @(844,626)
2025-10-22 17:18:34,223 INFO [d1] จับภาพ overlay_abs (ใช้เวลา 525ms)
2025-10-22 17:18:34,224 INFO [TONE] cold=0.361 hot=0.000 ใช้เวลา 0ms
2025-10-22 17:18:34,226 INFO [d1] โทนสีสรุปเบื้องต้น: success
2025-10-22 17:18:34,227 INFO [d1] ผลลัพธ์: สำเร็จ (+1) → success=1
2025-10-22 17:18:34,379 INFO [d1] stage=upgrade item_idx=8 target=+5 base=None succ=1
2025-10-22 17:18:34,380 INFO [d1] UPGRADE base=0 succ=1 cur=1 / target=+5
2025-10-22 17:18:34,381 INFO [d1] แตะปุ่มอัปเกรด @(844,626)
2025-10-22 17:18:37,441 INFO [d1] จับภาพ overlay_abs (ใช้เวลา 718ms)
2025-10-22 17:18:37,443 INFO [TONE] cold=0.362 hot=0.000 ใช้เวลา 0ms
2025-10-22 17:18:37,445 INFO [d1] โทนสีสรุปเบื้องต้น: success
2025-10-22 17:18:37,446 INFO [d1] ผลลัพธ์: สำเร็จ (+1) → success=2
2025-10-22 17:18:37,598 INFO [d1] stage=upgrade item_idx=8 target=+5 base=None succ=2
2025-10-22 17:18:37,599 INFO [d1] UPGRADE base=0 succ=2 cur=2 / target=+5
2025-10-22 17:18:37,600 INFO [d1] แตะปุ่มอัปเกรด @(844,626)
2025-10-22 17:18:40,678 INFO [d1] จับภาพ overlay_abs (ใช้เวลา 751ms)
2025-10-22 17:18:40,680 INFO [TONE] cold=0.374 hot=0.000 ใช้เวลา 0ms
2025-10-22 17:18:40,683 INFO [d1] โทนสีสรุปเบื้องต้น: success
2025-10-22 17:18:40,685 INFO [d1] ผลลัพธ์: สำเร็จ (+1) → success=3
2025-10-22 17:18:40,837 INFO [d1] stage=upgrade item_idx=8 target=+5 base=None succ=3
2025-10-22 17:18:40,839 INFO [d1] UPGRADE base=0 succ=3 cur=3 / target=+5
2025-10-22 17:18:40,841 INFO [d1] แตะปุ่มอัปเกรด @(844,626)
2025-10-22 17:18:44,286 INFO [d1] จับภาพ overlay_abs (ใช้เวลา 799ms)
2025-10-22 17:18:44,288 INFO [TONE] cold=0.361 hot=0.000 ใช้เวลา 0ms
2025-10-22 17:18:44,290 INFO [d1] โทนสีสรุปเบื้องต้น: success
2025-10-22 17:18:44,292 INFO [d1] ผลลัพธ์: สำเร็จ (+1) → success=4
2025-10-22 17:18:44,444 INFO [d1] stage=upgrade item_idx=8 target=+5 base=None succ=4
2025-10-22 17:18:44,445 INFO [d1] UPGRADE base=0 succ=4 cur=4 / target=+5
2025-10-22 17:18:44,446 INFO [d1] แตะปุ่มอัปเกรด @(844,626)
2025-10-22 17:18:47,717 INFO [d1] จับภาพ overlay_abs (ใช้เวลา 722ms)
2025-10-22 17:18:47,719 INFO [TONE] cold=0.374 hot=0.000 ใช้เวลา 0ms
2025-10-22 17:18:47,720 INFO [d1] โทนสีสรุปเบื้องต้น: success
2025-10-22 17:18:47,722 INFO [d1] ผลลัพธ์: สำเร็จ (+1) → success=5
2025-10-22 17:18:47,873 INFO [d1] stage=upgrade item_idx=8 target=+5 base=None succ=5
2025-10-22 17:18:47,874 INFO [d1] UPGRADE base=0 succ=5 cur=5 / target=+5
2025-10-22 17:18:47,875 INFO [d1] ถึงเป้าหมาย +5 แล้ว → นับสำเร็จ 1 ชิ้น และไปชิ้นถัดไป
2025-10-22 17:18:48,027 INFO [d1] stage=pick item_idx=9 target=+5 base=None succ=5
2025-10-22 17:18:48,028 INFO [d1] แตะไอเทม idx=3 @(465,170)
2025-10-22 17:18:50,241 INFO [d1] stage=inspect item_idx=9 target=+5 base=None succ=5
2025-10-22 17:18:50,443 INFO [d1] stage=inspect item_idx=9 target=+5 base=None succ=5
2025-10-22 17:18:51,159 INFO [d1] จับภาพสถานะ slot_status (ใช้เวลา 714ms)
2025-10-22 17:18:51,502 INFO [OCR] อ่านตัวเลขสถานะ: raw='' -> digits='' ใช้เวลา 341ms
2025-10-22 17:18:51,504 INFO [d1] OCR ระดับฐาน ปัจจุบันอ่านได้ n=None
2025-10-22 17:18:51,505 INFO [d1] ตัดสินใจ INSERT (n=None)
2025-10-22 17:18:51,507 INFO [d1] heartbeat items=0 target=+5
2025-10-22 17:18:51,658 INFO [d1] stage=insert item_idx=9 target=+5 base=None succ=5
2025-10-22 17:18:56,966 INFO [d1] stage=upgrade item_idx=9 target=+5 base=None succ=0
2025-10-22 17:18:56,968 INFO [d1] UPGRADE base=0 succ=0 cur=0 / target=+5
2025-10-22 17:18:56,969 INFO [d1] แตะปุ่มอัปเกรด @(844,626)
2025-10-22 17:19:00,114 INFO [d1] จับภาพ overlay_abs (ใช้เวลา 643ms)
2025-10-22 17:19:00,116 INFO [TONE] cold=0.362 hot=0.000 ใช้เวลา 0ms
2025-10-22 17:19:00,118 INFO [d1] โทนสีสรุปเบื้องต้น: success
2025-10-22 17:19:00,119 INFO [d1] ผลลัพธ์: สำเร็จ (+1) → success=1
2025-10-22 17:19:00,121 INFO [d1] heartbeat items=0 target=+5
2025-10-22 17:19:00,273 INFO [d1] stage=upgrade item_idx=9 target=+5 base=None succ=1
2025-10-22 17:19:00,274 INFO [d1] UPGRADE base=0 succ=1 cur=1 / target=+5
2025-10-22 17:19:00,275 INFO [d1] แตะปุ่มอัปเกรด @(844,626)
2025-10-22 17:19:03,295 INFO [d1] จับภาพ overlay_abs (ใช้เวลา 604ms)
2025-10-22 17:19:03,296 INFO [TONE] cold=0.361 hot=0.000 ใช้เวลา 0ms
2025-10-22 17:19:03,298 INFO [d1] โทนสีสรุปเบื้องต้น: success
2025-10-22 17:19:03,299 INFO [d1] ผลลัพธ์: สำเร็จ (+1) → success=2
2025-10-22 17:19:03,300 INFO [d1] heartbeat items=0 target=+5
2025-10-22 17:19:03,451 INFO [d1] stage=upgrade item_idx=9 target=+5 base=None succ=2
2025-10-22 17:19:03,453 INFO [d1] UPGRADE base=0 succ=2 cur=2 / target=+5
2025-10-22 17:19:03,454 INFO [d1] แตะปุ่มอัปเกรด @(844,626)
2025-10-22 17:19:06,439 INFO [d1] จับภาพ overlay_abs (ใช้เวลา 688ms)
2025-10-22 17:19:06,441 INFO [TONE] cold=0.362 hot=0.000 ใช้เวลา 0ms
2025-10-22 17:19:06,442 INFO [d1] โทนสีสรุปเบื้องต้น: success
2025-10-22 17:19:06,444 INFO [d1] ผลลัพธ์: สำเร็จ (+1) → success=3
2025-10-22 17:19:06,445 INFO [d1] heartbeat items=0 target=+5
2025-10-22 17:19:06,597 INFO [d1] stage=upgrade item_idx=9 target=+5 base=None succ=3
2025-10-22 17:19:06,598 INFO [d1] UPGRADE base=0 succ=3 cur=3 / target=+5
2025-10-22 17:19:06,599 INFO [d1] แตะปุ่มอัปเกรด @(844,626)
2025-10-22 17:19:09,689 INFO [d1] จับภาพ overlay_abs (ใช้เวลา 657ms)
2025-10-22 17:19:09,690 INFO [TONE] cold=0.374 hot=0.000 ใช้เวลา 0ms
2025-10-22 17:19:09,691 INFO [d1] โทนสีสรุปเบื้องต้น: success
2025-10-22 17:19:09,692 INFO [d1] ผลลัพธ์: สำเร็จ (+1) → success=4
2025-10-22 17:19:09,694 INFO [d1] heartbeat items=0 target=+5
2025-10-22 17:19:09,845 INFO [d1] stage=upgrade item_idx=9 target=+5 base=None succ=4
2025-10-22 17:19:09,847 INFO [d1] UPGRADE base=0 succ=4 cur=4 / target=+5
2025-10-22 17:19:09,848 INFO [d1] แตะปุ่มอัปเกรด @(844,626)
2025-10-22 17:19:12,897 INFO [d1] จับภาพ overlay_abs (ใช้เวลา 678ms)
2025-10-22 17:19:12,899 INFO [TONE] cold=0.366 hot=0.000 ใช้เวลา 0ms
2025-10-22 17:19:12,900 INFO [d1] โทนสีสรุปเบื้องต้น: success
2025-10-22 17:19:12,902 INFO [d1] ผลลัพธ์: สำเร็จ (+1) → success=5
2025-10-22 17:19:12,903 INFO [d1] heartbeat items=0 target=+5
2025-10-22 17:19:13,055 INFO [d1] stage=upgrade item_idx=9 target=+5 base=None succ=5
2025-10-22 17:19:13,056 INFO [d1] UPGRADE base=0 succ=5 cur=5 / target=+5
2025-10-22 17:19:13,057 INFO [d1] ถึงเป้าหมาย +5 แล้ว → นับสำเร็จ 1 ชิ้น และไปชิ้นถัดไป
2025-10-22 17:19:13,209 INFO [d1] stage=pick item_idx=10 target=+5 base=None succ=5
2025-10-22 17:19:13,210 INFO [d1] แตะไอเทม idx=4 @(525,170)
2025-10-22 17:19:15,408 INFO [d1] heartbeat items=0 target=+5
2025-10-22 17:19:15,560 INFO [d1] stage=inspect item_idx=10 target=+5 base=None succ=5
2025-10-22 17:19:15,611 INFO [d1] heartbeat items=0 target=+5
2025-10-22 17:19:15,766 INFO [d1] stage=inspect item_idx=10 target=+5 base=None succ=5
2025-10-22 17:19:16,589 INFO [d1] จับภาพสถานะ slot_status (ใช้เวลา 821ms)
2025-10-22 17:19:17,155 INFO [OCR] อ่านตัวเลขสถานะ: raw='' -> digits='' ใช้เวลา 564ms
2025-10-22 17:19:17,156 INFO [d1] OCR ระดับฐาน ปัจจุบันอ่านได้ n=None
2025-10-22 17:19:17,158 INFO [d1] ตัดสินใจ INSERT (n=None)
2025-10-22 17:19:17,309 INFO [d1] stage=insert item_idx=10 target=+5 base=None succ=5
2025-10-22 17:19:22,530 INFO [d1] stage=upgrade item_idx=10 target=+5 base=None succ=0
2025-10-22 17:19:22,531 INFO [d1] UPGRADE base=0 succ=0 cur=0 / target=+5
2025-10-22 17:19:22,532 INFO [d1] แตะปุ่มอัปเกรด @(844,626)
2025-10-22 17:19:25,480 INFO [d1] จับภาพ overlay_abs (ใช้เวลา 569ms)
2025-10-22 17:19:25,482 INFO [TONE] cold=0.374 hot=0.000 ใช้เวลา 0ms
2025-10-22 17:19:25,483 INFO [d1] โทนสีสรุปเบื้องต้น: success
2025-10-22 17:19:25,484 INFO [d1] ผลลัพธ์: สำเร็จ (+1) → success=1
2025-10-22 17:19:25,637 INFO [d1] stage=upgrade item_idx=10 target=+5 base=None succ=1
2025-10-22 17:19:25,638 INFO [d1] UPGRADE base=0 succ=1 cur=1 / target=+5
2025-10-22 17:19:25,639 INFO [d1] แตะปุ่มอัปเกรด @(844,626)
2025-10-22 17:19:28,964 INFO [d1] จับภาพ overlay_abs (ใช้เวลา 692ms)
2025-10-22 17:19:28,966 INFO [TONE] cold=0.363 hot=0.000 ใช้เวลา 0ms
2025-10-22 17:19:28,967 INFO [d1] โทนสีสรุปเบื้องต้น: success
2025-10-22 17:19:28,968 INFO [d1] ผลลัพธ์: สำเร็จ (+1) → success=2
2025-10-22 17:19:29,120 INFO [d1] stage=upgrade item_idx=10 target=+5 base=None succ=2
2025-10-22 17:19:29,121 INFO [d1] UPGRADE base=0 succ=2 cur=2 / target=+5
2025-10-22 17:19:29,123 INFO [d1] แตะปุ่มอัปเกรด @(844,626)
2025-10-22 17:19:32,253 INFO [d1] จับภาพ overlay_abs (ใช้เวลา 692ms)
2025-10-22 17:19:32,260 INFO [TONE] cold=0.361 hot=0.000 ใช้เวลา 1ms
2025-10-22 17:19:32,263 INFO [d1] โทนสีสรุปเบื้องต้น: success
2025-10-22 17:19:32,266 INFO [d1] ผลลัพธ์: สำเร็จ (+1) → success=3
2025-10-22 17:19:32,418 INFO [d1] stage=upgrade item_idx=10 target=+5 base=None succ=3
2025-10-22 17:19:32,420 INFO [d1] UPGRADE base=0 succ=3 cur=3 / target=+5
2025-10-22 17:19:32,422 INFO [d1] แตะปุ่มอัปเกรด @(844,626)
2025-10-22 17:19:35,458 INFO [d1] จับภาพ overlay_abs (ใช้เวลา 623ms)
2025-10-22 17:19:35,460 INFO [TONE] cold=0.367 hot=0.000 ใช้เวลา 0ms
2025-10-22 17:19:35,462 INFO [d1] โทนสีสรุปเบื้องต้น: success
2025-10-22 17:19:35,463 INFO [d1] ผลลัพธ์: สำเร็จ (+1) → success=4
2025-10-22 17:19:35,614 INFO [d1] stage=upgrade item_idx=10 target=+5 base=None succ=4
2025-10-22 17:19:35,616 INFO [d1] UPGRADE base=0 succ=4 cur=4 / target=+5
2025-10-22 17:19:35,617 INFO [d1] แตะปุ่มอัปเกรด @(844,626)
2025-10-22 17:19:38,915 INFO [d1] จับภาพ overlay_abs (ใช้เวลา 739ms)
2025-10-22 17:19:38,918 INFO [TONE] cold=0.367 hot=0.000 ใช้เวลา 0ms
2025-10-22 17:19:38,920 INFO [d1] โทนสีสรุปเบื้องต้น: success
2025-10-22 17:19:38,921 INFO [d1] ผลลัพธ์: สำเร็จ (+1) → success=5
2025-10-22 17:19:39,073 INFO [d1] stage=upgrade item_idx=10 target=+5 base=None succ=5
2025-10-22 17:19:39,075 INFO [d1] UPGRADE base=0 succ=5 cur=5 / target=+5
2025-10-22 17:19:39,076 INFO [d1] ถึงเป้าหมาย +5 แล้ว → นับสำเร็จ 1 ชิ้น และไปชิ้นถัดไป
2025-10-22 17:19:39,077 INFO [d1] heartbeat items=0 target=+5
2025-10-22 17:19:39,228 INFO [d1] stage=pick item_idx=11 target=+5 base=None succ=5
2025-10-22 17:19:39,229 INFO [d1] แตะไอเทม idx=5 @(585,170)
2025-10-22 17:19:41,608 INFO [d1] stage=inspect item_idx=11 target=+5 base=None succ=5
2025-10-22 17:19:41,810 INFO [d1] stage=inspect item_idx=11 target=+5 base=None succ=5
2025-10-22 17:19:42,591 INFO [d1] จับภาพสถานะ slot_status (ใช้เวลา 780ms)
2025-10-22 17:19:42,910 INFO [OCR] อ่านตัวเลขสถานะ: raw='' -> digits='' ใช้เวลา 317ms
2025-10-22 17:19:42,912 INFO [d1] OCR ระดับฐาน ปัจจุบันอ่านได้ n=None
2025-10-22 17:19:42,913 INFO [d1] ตัดสินใจ INSERT (n=None)
2025-10-22 17:19:42,914 INFO [d1] heartbeat items=0 target=+5
2025-10-22 17:19:43,067 INFO [d1] stage=insert item_idx=11 target=+5 base=None succ=5
2025-10-22 17:19:48,017 INFO [d1] stage=upgrade item_idx=11 target=+5 base=None succ=0
2025-10-22 17:19:48,018 INFO [d1] UPGRADE base=0 succ=0 cur=0 / target=+5
2025-10-22 17:19:48,020 INFO [d1] แตะปุ่มอัปเกรด @(844,626)
2025-10-22 17:19:50,853 INFO [d1] จับภาพ overlay_abs (ใช้เวลา 597ms)
2025-10-22 17:19:50,855 INFO [TONE] cold=0.365 hot=0.000 ใช้เวลา 0ms
2025-10-22 17:19:50,857 INFO [d1] โทนสีสรุปเบื้องต้น: success
2025-10-22 17:19:50,858 INFO [d1] ผลลัพธ์: สำเร็จ (+1) → success=1
2025-10-22 17:19:51,009 INFO [d1] stage=upgrade item_idx=11 target=+5 base=None succ=1
2025-10-22 17:19:51,010 INFO [d1] UPGRADE base=0 succ=1 cur=1 / target=+5
2025-10-22 17:19:51,012 INFO [d1] แตะปุ่มอัปเกรด @(844,626)
2025-10-22 17:19:54,066 INFO [d1] จับภาพ overlay_abs (ใช้เวลา 697ms)
2025-10-22 17:19:54,068 INFO [TONE] cold=0.363 hot=0.000 ใช้เวลา 0ms
2025-10-22 17:19:54,069 INFO [d1] โทนสีสรุปเบื้องต้น: success
2025-10-22 17:19:54,070 INFO [d1] ผลลัพธ์: สำเร็จ (+1) → success=2
2025-10-22 17:19:54,071 INFO [d1] heartbeat items=0 target=+5
2025-10-22 17:19:54,223 INFO [d1] stage=upgrade item_idx=11 target=+5 base=None succ=2
2025-10-22 17:19:54,224 INFO [d1] UPGRADE base=0 succ=2 cur=2 / target=+5
2025-10-22 17:19:54,225 INFO [d1] แตะปุ่มอัปเกรด @(844,626)
2025-10-22 17:19:57,252 INFO [d1] จับภาพ overlay_abs (ใช้เวลา 670ms)
2025-10-22 17:19:57,255 INFO [TONE] cold=0.361 hot=0.000 ใช้เวลา 0ms
2025-10-22 17:19:57,256 INFO [d1] โทนสีสรุปเบื้องต้น: success
2025-10-22 17:19:57,258 INFO [d1] ผลลัพธ์: สำเร็จ (+1) → success=3
2025-10-22 17:19:57,259 INFO [d1] heartbeat items=0 target=+5
2025-10-22 17:19:57,411 INFO [d1] stage=upgrade item_idx=11 target=+5 base=None succ=3
2025-10-22 17:19:57,413 INFO [d1] UPGRADE base=0 succ=3 cur=3 / target=+5
2025-10-22 17:19:57,414 INFO [d1] แตะปุ่มอัปเกรด @(844,626)
2025-10-22 17:20:00,385 INFO [d1] จับภาพ overlay_abs (ใช้เวลา 637ms)
2025-10-22 17:20:00,387 INFO [TONE] cold=0.362 hot=0.000 ใช้เวลา 0ms
2025-10-22 17:20:00,388 INFO [d1] โทนสีสรุปเบื้องต้น: success
2025-10-22 17:20:00,389 INFO [d1] ผลลัพธ์: สำเร็จ (+1) → success=4
2025-10-22 17:20:00,391 INFO [d1] heartbeat items=0 target=+5
2025-10-22 17:20:00,542 INFO [d1] stage=upgrade item_idx=11 target=+5 base=None succ=4
2025-10-22 17:20:00,543 INFO [d1] UPGRADE base=0 succ=4 cur=4 / target=+5
2025-10-22 17:20:00,544 INFO [d1] แตะปุ่มอัปเกรด @(844,626)
2025-10-22 17:20:03,404 INFO [d1] จับภาพ overlay_abs (ใช้เวลา 650ms)
2025-10-22 17:20:03,405 INFO [TONE] cold=0.362 hot=0.000 ใช้เวลา 0ms
2025-10-22 17:20:03,406 INFO [d1] โทนสีสรุปเบื้องต้น: success
2025-10-22 17:20:03,407 INFO [d1] ผลลัพธ์: สำเร็จ (+1) → success=5
2025-10-22 17:20:03,408 INFO [d1] heartbeat items=0 target=+5
2025-10-22 17:20:03,560 INFO [d1] stage=upgrade item_idx=11 target=+5 base=None succ=5
2025-10-22 17:20:03,561 INFO [d1] UPGRADE base=0 succ=5 cur=5 / target=+5
2025-10-22 17:20:03,562 INFO [d1] ถึงเป้าหมาย +5 แล้ว → นับสำเร็จ 1 ชิ้น และไปชิ้นถัดไป
2025-10-22 17:20:03,563 INFO [d1] heartbeat items=0 target=+5
2025-10-22 17:20:03,715 INFO [d1] stage=pick item_idx=12 target=+5 base=None succ=5
2025-10-22 17:20:03,716 INFO [d1] แตะไอเทม idx=0 @(285,170)
2025-10-22 17:20:05,985 INFO [d1] stage=inspect item_idx=12 target=+5 base=None succ=5
2025-10-22 17:20:06,037 INFO [d1] heartbeat items=0 target=+5
2025-10-22 17:20:06,189 INFO [d1] stage=inspect item_idx=12 target=+5 base=None succ=5
2025-10-22 17:20:06,783 INFO [d1] จับภาพสถานะ slot_status (ใช้เวลา 592ms)
2025-10-22 17:20:07,149 INFO [OCR] อ่านตัวเลขสถานะ: raw='' -> digits='' ใช้เวลา 363ms
2025-10-22 17:20:07,150 INFO [d1] OCR ระดับฐาน ปัจจุบันอ่านได้ n=None
2025-10-22 17:20:07,151 INFO [d1] ตัดสินใจ INSERT (n=None)
2025-10-22 17:20:07,303 INFO [d1] stage=insert item_idx=12 target=+5 base=None succ=5
2025-10-22 17:20:12,319 INFO [d1] heartbeat items=0 target=+5
2025-10-22 17:20:12,470 INFO [d1] stage=upgrade item_idx=12 target=+5 base=None succ=0
2025-10-22 17:20:12,472 INFO [d1] UPGRADE base=0 succ=0 cur=0 / target=+5
2025-10-22 17:20:12,473 INFO [d1] แตะปุ่มอัปเกรด @(844,626)
2025-10-22 17:20:15,324 INFO [d1] จับภาพ overlay_abs (ใช้เวลา 576ms)
2025-10-22 17:20:15,326 INFO [TONE] cold=0.362 hot=0.000 ใช้เวลา 0ms
2025-10-22 17:20:15,327 INFO [d1] โทนสีสรุปเบื้องต้น: success
2025-10-22 17:20:15,328 INFO [d1] ผลลัพธ์: สำเร็จ (+1) → success=1
2025-10-22 17:20:15,329 INFO [d1] heartbeat items=0 target=+5
2025-10-22 17:20:15,480 INFO [d1] stage=upgrade item_idx=12 target=+5 base=None succ=1
2025-10-22 17:20:15,482 INFO [d1] UPGRADE base=0 succ=1 cur=1 / target=+5
2025-10-22 17:20:15,483 INFO [d1] แตะปุ่มอัปเกรด @(844,626)
2025-10-22 17:24:06,623 INFO === BOOT OK / logger stdout test ===
2025-10-22 17:24:16,820 INFO [d1] start
2025-10-22 17:24:17,744 INFO [d1] loop start
2025-10-22 17:24:17,745 INFO [d1] เริ่มคอนเท็กซ์ใหม่ stage=pick item_idx=0
2025-10-22 17:24:17,747 INFO [d1] stage=pick item_idx=0 target=+5 base=None succ=0
2025-10-22 17:24:17,748 INFO [d1] แตะไอเทม idx=0 @(285,170)
2025-10-22 17:24:19,946 INFO [d1] stage=inspect item_idx=0 target=+5 base=None succ=0
2025-10-22 17:24:20,148 INFO [d1] stage=inspect item_idx=0 target=+5 base=None succ=0
2025-10-22 17:24:20,783 INFO [d1] จับภาพสถานะ slot_status (ใช้เวลา 633ms)
2025-10-22 17:24:21,138 INFO [OCR] อ่านตัวเลขสถานะ: raw='' -> digits='' ใช้เวลา 327ms
2025-10-22 17:24:21,139 INFO [d1] OCR ระดับฐาน ปัจจุบันอ่านได้ n=None
2025-10-22 17:24:21,140 INFO [d1] ตัดสินใจ INSERT (n=None)
2025-10-22 17:24:21,141 INFO [d1] heartbeat items=0 target=+5
2025-10-22 17:24:21,292 INFO [d1] stage=insert item_idx=0 target=+5 base=None succ=0
2025-10-22 17:24:26,435 INFO [d1] stage=upgrade item_idx=0 target=+5 base=None succ=0
2025-10-22 17:24:26,436 INFO [d1] UPGRADE base=0 succ=0 cur=0 / target=+5
2025-10-22 17:24:26,438 INFO [d1] แตะปุ่มอัปเกรด @(844,626)
2025-10-22 17:24:29,417 INFO [d1] จับภาพ overlay_abs (ใช้เวลา 630ms)
2025-10-22 17:24:29,419 INFO [TONE] cold=0.363 hot=0.000 ใช้เวลา 0ms
2025-10-22 17:24:29,420 INFO [d1] โทนสีสรุปเบื้องต้น: success
2025-10-22 17:24:29,421 INFO [d1] ผลลัพธ์: สำเร็จ (+1) → success=1
2025-10-22 17:24:29,573 INFO [d1] stage=upgrade item_idx=0 target=+5 base=None succ=1
2025-10-22 17:24:29,574 INFO [d1] UPGRADE base=0 succ=1 cur=1 / target=+5
2025-10-22 17:24:29,575 INFO [d1] แตะปุ่มอัปเกรด @(844,626)
2025-10-22 17:24:32,718 INFO [d1] จับภาพ overlay_abs (ใช้เวลา 651ms)
2025-10-22 17:24:32,720 INFO [TONE] cold=0.374 hot=0.000 ใช้เวลา 0ms
2025-10-22 17:24:32,722 INFO [d1] โทนสีสรุปเบื้องต้น: success
2025-10-22 17:24:32,723 INFO [d1] ผลลัพธ์: สำเร็จ (+1) → success=2
2025-10-22 17:24:32,874 INFO [d1] stage=upgrade item_idx=0 target=+5 base=None succ=2
2025-10-22 17:24:32,875 INFO [d1] UPGRADE base=0 succ=2 cur=2 / target=+5
2025-10-22 17:24:32,877 INFO [d1] แตะปุ่มอัปเกรด @(844,626)
2025-10-22 17:24:35,910 INFO [d1] จับภาพ overlay_abs (ใช้เวลา 611ms)
2025-10-22 17:24:35,911 INFO [TONE] cold=0.365 hot=0.000 ใช้เวลา 0ms
2025-10-22 17:24:35,913 INFO [d1] โทนสีสรุปเบื้องต้น: success
2025-10-22 17:24:35,914 INFO [d1] ผลลัพธ์: สำเร็จ (+1) → success=3
2025-10-22 17:24:36,065 INFO [d1] stage=upgrade item_idx=0 target=+5 base=None succ=3
2025-10-22 17:24:36,066 INFO [d1] UPGRADE base=0 succ=3 cur=3 / target=+5
2025-10-22 17:24:36,068 INFO [d1] แตะปุ่มอัปเกรด @(844,626)
2025-10-22 17:24:39,160 INFO [d1] จับภาพ overlay_abs (ใช้เวลา 684ms)
2025-10-22 17:24:39,163 INFO [TONE] cold=0.361 hot=0.000 ใช้เวลา 0ms
2025-10-22 17:24:39,164 INFO [d1] โทนสีสรุปเบื้องต้น: success
2025-10-22 17:24:39,166 INFO [d1] ผลลัพธ์: สำเร็จ (+1) → success=4
2025-10-22 17:24:39,168 INFO [d1] heartbeat items=0 target=+5
2025-10-22 17:24:39,319 INFO [d1] stage=upgrade item_idx=0 target=+5 base=None succ=4
2025-10-22 17:24:39,321 INFO [d1] UPGRADE base=0 succ=4 cur=4 / target=+5
2025-10-22 17:24:39,322 INFO [d1] แตะปุ่มอัปเกรด @(844,626)
2025-10-22 17:24:42,322 INFO [d1] จับภาพ overlay_abs (ใช้เวลา 676ms)
2025-10-22 17:24:42,324 INFO [TONE] cold=0.360 hot=0.000 ใช้เวลา 0ms
2025-10-22 17:24:42,325 INFO [d1] โทนสีสรุปเบื้องต้น: success
2025-10-22 17:24:42,327 INFO [d1] ผลลัพธ์: สำเร็จ (+1) → success=5
2025-10-22 17:24:42,328 INFO [d1] heartbeat items=0 target=+5
2025-10-22 17:24:42,480 INFO [d1] stage=upgrade item_idx=0 target=+5 base=None succ=5
2025-10-22 17:24:42,481 INFO [d1] UPGRADE base=0 succ=5 cur=5 / target=+5
2025-10-22 17:24:42,483 INFO [d1] ถึงเป้าหมาย +5 แล้ว → นับสำเร็จ 1 ชิ้น และไปชิ้นถัดไป
2025-10-22 17:24:42,484 INFO [d1] heartbeat items=0 target=+5
2025-10-22 17:24:42,636 INFO [d1] stage=pick item_idx=1 target=+5 base=None succ=5
2025-10-22 17:24:42,637 INFO [d1] แตะไอเทม idx=1 @(345,170)
2025-10-22 17:24:44,878 INFO [d1] stage=inspect item_idx=1 target=+5 base=None succ=5
2025-10-22 17:24:45,080 INFO [d1] stage=inspect item_idx=1 target=+5 base=None succ=5
2025-10-22 17:24:45,795 INFO [d1] จับภาพสถานะ slot_status (ใช้เวลา 712ms)
2025-10-22 17:24:46,160 INFO [OCR] อ่านตัวเลขสถานะ: raw='' -> digits='' ใช้เวลา 363ms
2025-10-22 17:24:46,162 INFO [d1] OCR ระดับฐาน ปัจจุบันอ่านได้ n=None
2025-10-22 17:24:46,163 INFO [d1] ตัดสินใจ INSERT (n=None)
2025-10-22 17:24:46,315 INFO [d1] stage=insert item_idx=1 target=+5 base=None succ=5
2025-10-22 17:24:51,372 INFO [d1] heartbeat items=0 target=+5
2025-10-22 17:24:51,523 INFO [d1] stage=upgrade item_idx=1 target=+5 base=None succ=0
2025-10-22 17:24:51,525 INFO [d1] UPGRADE base=0 succ=0 cur=0 / target=+5
2025-10-22 17:24:51,526 INFO [d1] แตะปุ่มอัปเกรด @(844,626)
2025-10-22 17:24:52,380 INFO [d2] start
2025-10-22 17:24:53,512 INFO [d2] loop start
2025-10-22 17:24:53,513 INFO [d2] เริ่มคอนเท็กซ์ใหม่ stage=pick item_idx=0
2025-10-22 17:24:53,515 INFO [d2] stage=pick item_idx=0 target=+5 base=None succ=0
2025-10-22 17:24:53,516 INFO [d2] แตะไอเทม idx=0 @(285,170)
2025-10-22 17:24:54,702 INFO [d1] จับภาพ overlay_abs (ใช้เวลา 825ms)
2025-10-22 17:24:54,704 INFO [TONE] cold=0.374 hot=0.000 ใช้เวลา 0ms
2025-10-22 17:24:54,705 INFO [d1] โทนสีสรุปเบื้องต้น: success
2025-10-22 17:24:54,706 INFO [d1] ผลลัพธ์: สำเร็จ (+1) → success=1
2025-10-22 17:24:54,708 INFO [d1] heartbeat items=0 target=+5
2025-10-22 17:24:54,859 INFO [d1] stage=upgrade item_idx=1 target=+5 base=None succ=1
2025-10-22 17:24:54,861 INFO [d1] UPGRADE base=0 succ=1 cur=1 / target=+5
2025-10-22 17:24:54,862 INFO [d1] แตะปุ่มอัปเกรด @(844,626)
2025-10-22 17:24:55,985 INFO [d2] stage=inspect item_idx=0 target=+5 base=None succ=0
2025-10-22 17:24:56,187 INFO [d2] stage=inspect item_idx=0 target=+5 base=None succ=0
2025-10-22 17:24:57,026 INFO [d2] จับภาพสถานะ slot_status (ใช้เวลา 836ms)
2025-10-22 17:24:57,378 INFO [OCR] อ่านตัวเลขสถานะ: raw='' -> digits='' ใช้เวลา 350ms
2025-10-22 17:24:57,379 INFO [d2] OCR ระดับฐาน ปัจจุบันอ่านได้ n=None
2025-10-22 17:24:57,380 INFO [d2] ตัดสินใจ INSERT (n=None)
2025-10-22 17:24:57,381 INFO [d2] heartbeat items=0 target=+5
2025-10-22 17:24:57,532 INFO [d2] stage=insert item_idx=0 target=+5 base=None succ=0
2025-10-22 17:24:58,314 INFO [d1] จับภาพ overlay_abs (ใช้เวลา 758ms)
2025-10-22 17:24:58,316 INFO [TONE] cold=0.373 hot=0.000 ใช้เวลา 0ms
2025-10-22 17:24:58,317 INFO [d1] โทนสีสรุปเบื้องต้น: success
2025-10-22 17:24:58,318 INFO [d1] ผลลัพธ์: สำเร็จ (+1) → success=2
2025-10-22 17:24:58,470 INFO [d1] stage=upgrade item_idx=1 target=+5 base=None succ=2
2025-10-22 17:24:58,472 INFO [d1] UPGRADE base=0 succ=2 cur=2 / target=+5
2025-10-22 17:24:58,473 INFO [d1] แตะปุ่มอัปเกรด @(844,626)
2025-10-22 17:24:59,033 INFO [d2] stopping...
2025-10-22 17:25:01,825 INFO [d1] จับภาพ overlay_abs (ใช้เวลา 642ms)
2025-10-22 17:25:01,827 INFO [TONE] cold=0.361 hot=0.000 ใช้เวลา 0ms
2025-10-22 17:25:01,828 INFO [d1] โทนสีสรุปเบื้องต้น: success
2025-10-22 17:25:01,829 INFO [d1] ผลลัพธ์: สำเร็จ (+1) → success=3
2025-10-22 17:25:01,981 INFO [d1] stage=upgrade item_idx=1 target=+5 base=None succ=3
2025-10-22 17:25:01,982 INFO [d1] UPGRADE base=0 succ=3 cur=3 / target=+5
2025-10-22 17:25:01,984 INFO [d1] แตะปุ่มอัปเกรด @(844,626)
2025-10-22 17:25:03,045 INFO [d2] heartbeat items=0 target=+5
2025-10-22 17:25:03,197 INFO [d2] loop exit (state=stopping)
2025-10-22 17:25:03,199 INFO [d2] stopped
2025-10-22 17:25:05,475 INFO [d1] จับภาพ overlay_abs (ใช้เวลา 770ms)
2025-10-22 17:25:05,477 INFO [TONE] cold=0.366 hot=0.000 ใช้เวลา 0ms
2025-10-22 17:25:05,479 INFO [d1] โทนสีสรุปเบื้องต้น: success
2025-10-22 17:25:05,480 INFO [d1] ผลลัพธ์: สำเร็จ (+1) → success=4
2025-10-22 17:25:05,632 INFO [d1] stage=upgrade item_idx=1 target=+5 base=None succ=4
2025-10-22 17:25:05,634 INFO [d1] UPGRADE base=0 succ=4 cur=4 / target=+5
2025-10-22 17:25:05,635 INFO [d1] แตะปุ่มอัปเกรด @(844,626)
2025-10-22 17:25:06,408 INFO [d2] start
2025-10-22 17:25:07,332 INFO [d2] loop start
2025-10-22 17:25:07,334 INFO [d2] stage=upgrade item_idx=0 target=+5 base=None succ=0
2025-10-22 17:25:07,336 INFO [d2] UPGRADE base=0 succ=0 cur=0 / target=+5
2025-10-22 17:25:07,337 INFO [d2] แตะปุ่มอัปเกรด @(844,626)
2025-10-22 17:25:08,955 INFO [d1] จับภาพ overlay_abs (ใช้เวลา 748ms)
2025-10-22 17:25:08,957 INFO [TONE] cold=0.361 hot=0.000 ใช้เวลา 0ms
2025-10-22 17:25:08,958 INFO [d1] โทนสีสรุปเบื้องต้น: success
2025-10-22 17:25:08,960 INFO [d1] ผลลัพธ์: สำเร็จ (+1) → success=5
2025-10-22 17:25:09,111 INFO [d1] stage=upgrade item_idx=1 target=+5 base=None succ=5
2025-10-22 17:25:09,113 INFO [d1] UPGRADE base=0 succ=5 cur=5 / target=+5
2025-10-22 17:25:09,114 INFO [d1] ถึงเป้าหมาย +5 แล้ว → นับสำเร็จ 1 ชิ้น และไปชิ้นถัดไป
2025-10-22 17:25:09,116 INFO [d1] heartbeat items=0 target=+5
2025-10-22 17:25:09,267 INFO [d1] stage=pick item_idx=2 target=+5 base=None succ=5
2025-10-22 17:25:09,269 INFO [d1] แตะไอเทม idx=2 @(405,170)
2025-10-22 17:25:10,565 INFO [d2] จับภาพ overlay_abs (ใช้เวลา 705ms)
2025-10-22 17:25:10,567 INFO [TONE] cold=0.369 hot=0.000 ใช้เวลา 0ms
2025-10-22 17:25:10,568 INFO [d2] โทนสีสรุปเบื้องต้น: success
2025-10-22 17:25:10,570 INFO [d2] ผลลัพธ์: สำเร็จ (+1) → success=1
2025-10-22 17:25:10,721 INFO [d2] stage=upgrade item_idx=0 target=+5 base=None succ=1
2025-10-22 17:25:10,723 INFO [d2] UPGRADE base=0 succ=1 cur=1 / target=+5
2025-10-22 17:25:10,724 INFO [d2] แตะปุ่มอัปเกรด @(844,626)
2025-10-22 17:25:11,793 INFO [d1] stage=inspect item_idx=2 target=+5 base=None succ=5
2025-10-22 17:25:11,995 INFO [d1] stage=inspect item_idx=2 target=+5 base=None succ=5
2025-10-22 17:25:12,934 INFO [d1] จับภาพสถานะ slot_status (ใช้เวลา 937ms)
2025-10-22 17:25:13,280 INFO [OCR] อ่านตัวเลขสถานะ: raw='' -> digits='' ใช้เวลา 343ms
2025-10-22 17:25:13,282 INFO [d1] OCR ระดับฐาน ปัจจุบันอ่านได้ n=None
2025-10-22 17:25:13,283 INFO [d1] ตัดสินใจ INSERT (n=None)
2025-10-22 17:25:13,434 INFO [d1] stage=insert item_idx=2 target=+5 base=None succ=5
2025-10-22 17:25:13,715 INFO [d2] จับภาพ overlay_abs (ใช้เวลา 615ms)
2025-10-22 17:25:13,717 INFO [TONE] cold=0.362 hot=0.000 ใช้เวลา 0ms
2025-10-22 17:25:13,718 INFO [d2] โทนสีสรุปเบื้องต้น: success
2025-10-22 17:25:13,720 INFO [d2] ผลลัพธ์: สำเร็จ (+1) → success=2
2025-10-22 17:25:13,871 INFO [d2] stage=upgrade item_idx=0 target=+5 base=None succ=2
2025-10-22 17:25:13,873 INFO [d2] UPGRADE base=0 succ=2 cur=2 / target=+5
2025-10-22 17:25:13,874 INFO [d2] แตะปุ่มอัปเกรด @(844,626)
2025-10-22 17:25:17,204 INFO [d2] จับภาพ overlay_abs (ใช้เวลา 780ms)
2025-10-22 17:25:17,206 INFO [TONE] cold=0.361 hot=0.000 ใช้เวลา 0ms
2025-10-22 17:25:17,208 INFO [d2] โทนสีสรุปเบื้องต้น: success
2025-10-22 17:25:17,209 INFO [d2] ผลลัพธ์: สำเร็จ (+1) → success=3
2025-10-22 17:25:17,360 INFO [d2] stage=upgrade item_idx=0 target=+5 base=None succ=3
2025-10-22 17:25:17,362 INFO [d2] UPGRADE base=0 succ=3 cur=3 / target=+5
2025-10-22 17:25:17,363 INFO [d2] แตะปุ่มอัปเกรด @(844,626)
2025-10-22 17:25:18,797 INFO [d1] heartbeat items=0 target=+5
2025-10-22 17:25:18,949 INFO [d1] stage=upgrade item_idx=2 target=+5 base=None succ=0
2025-10-22 17:25:18,950 INFO [d1] UPGRADE base=0 succ=0 cur=0 / target=+5
2025-10-22 17:25:18,951 INFO [d1] แตะปุ่มอัปเกรด @(844,626)
2025-10-22 17:25:20,602 INFO [d2] จับภาพ overlay_abs (ใช้เวลา 737ms)
2025-10-22 17:25:20,604 INFO [TONE] cold=0.369 hot=0.000 ใช้เวลา 0ms
2025-10-22 17:25:20,605 INFO [d2] โทนสีสรุปเบื้องต้น: success
2025-10-22 17:25:20,606 INFO [d2] ผลลัพธ์: สำเร็จ (+1) → success=4
2025-10-22 17:25:20,758 INFO [d2] stage=upgrade item_idx=0 target=+5 base=None succ=4
2025-10-22 17:25:20,760 INFO [d2] UPGRADE base=0 succ=4 cur=4 / target=+5
2025-10-22 17:25:20,761 INFO [d2] แตะปุ่มอัปเกรด @(844,626)
2025-10-22 17:25:22,264 INFO [d1] จับภาพ overlay_abs (ใช้เวลา 629ms)
2025-10-22 17:25:22,266 INFO [TONE] cold=0.372 hot=0.000 ใช้เวลา 0ms
2025-10-22 17:25:22,268 INFO [d1] โทนสีสรุปเบื้องต้น: success
2025-10-22 17:25:22,269 INFO [d1] ผลลัพธ์: สำเร็จ (+1) → success=1
2025-10-22 17:25:22,421 INFO [d1] stage=upgrade item_idx=2 target=+5 base=None succ=1
2025-10-22 17:25:22,422 INFO [d1] UPGRADE base=0 succ=1 cur=1 / target=+5
2025-10-22 17:25:22,423 INFO [d1] แตะปุ่มอัปเกรด @(844,626)
2025-10-22 17:25:23,721 INFO [d1] stopping...
2025-10-22 17:25:23,965 INFO [d2] จับภาพ overlay_abs (ใช้เวลา 859ms)
2025-10-22 17:25:23,967 INFO [TONE] cold=0.362 hot=0.000 ใช้เวลา 0ms
2025-10-22 17:25:23,969 INFO [d2] โทนสีสรุปเบื้องต้น: success
2025-10-22 17:25:23,971 INFO [d2] ผลลัพธ์: สำเร็จ (+1) → success=5
2025-10-22 17:25:24,122 INFO [d2] stage=upgrade item_idx=0 target=+5 base=None succ=5
2025-10-22 17:25:24,124 INFO [d2] UPGRADE base=0 succ=5 cur=5 / target=+5
2025-10-22 17:25:24,125 INFO [d2] ถึงเป้าหมาย +5 แล้ว → นับสำเร็จ 1 ชิ้น และไปชิ้นถัดไป
2025-10-22 17:25:24,126 INFO [d2] heartbeat items=0 target=+5
2025-10-22 17:25:24,277 INFO [d2] stage=pick item_idx=1 target=+5 base=None succ=5
2025-10-22 17:25:24,279 INFO [d2] แตะไอเทม idx=1 @(345,170)
2025-10-22 17:25:24,748 INFO [d2] stopping...
2025-10-22 17:25:25,786 INFO [d1] จับภาพ overlay_abs (ใช้เวลา 852ms)
2025-10-22 17:25:25,787 INFO [TONE] cold=0.362 hot=0.000 ใช้เวลา 0ms
2025-10-22 17:25:25,789 INFO [d1] โทนสีสรุปเบื้องต้น: success
2025-10-22 17:25:25,791 INFO [d1] ผลลัพธ์: สำเร็จ (+1) → success=2
2025-10-22 17:25:25,942 INFO [d1] loop exit (state=stopping)
2025-10-22 17:25:25,944 INFO [d1] stopped
2025-10-22 17:25:26,620 INFO [d2] loop exit (state=stopping)
2025-10-22 17:25:26,621 INFO [d2] stopped
2025-10-22 17:31:47,223 INFO === BOOT OK / logger stdout test ===
2025-10-22 17:31:55,241 INFO [d1] start
2025-10-22 17:31:56,178 INFO [d1] loop start
2025-10-22 17:31:56,179 INFO [d1] เริ่มคอนเท็กซ์ใหม่ stage=pick item_idx=0
2025-10-22 17:31:56,180 INFO [d1] stage=pick item_idx=0 target=+5 base=None succ=0
2025-10-22 17:31:56,181 INFO [d1] แตะไอเทม idx=0 @(285,170)
2025-10-22 17:31:58,387 INFO [d1] stage=inspect item_idx=0 target=+5 base=None succ=0
2025-10-22 17:31:58,589 INFO [d1] stage=inspect item_idx=0 target=+5 base=None succ=0
2025-10-22 17:31:59,238 INFO [d1] จับภาพสถานะ slot_status (ใช้เวลา 648ms)
2025-10-22 17:31:59,683 INFO [OCR] อ่านตัวเลขสถานะ: raw='' -> digits='' ใช้เวลา 421ms
2025-10-22 17:31:59,685 INFO [d1] OCR ระดับฐาน ปัจจุบันอ่านได้ n=None
2025-10-22 17:31:59,686 INFO [d1] ตัดสินใจ INSERT (n=None)
2025-10-22 17:31:59,837 INFO [d1] stage=insert item_idx=0 target=+5 base=None succ=0
2025-10-22 17:32:03,372 WARNING [INSERT] หา/กดปุ่ม 'ใส่ลง' ไม่เจอใน ROI
2025-10-22 17:32:03,374 WARNING [d1] CV insert ไม่เจอ -> fallback แตะ slot_center @(849,327)
2025-10-22 17:32:05,810 INFO [d1] stage=upgrade item_idx=0 target=+5 base=None succ=0
2025-10-22 17:32:05,811 INFO [d1] UPGRADE base=0 succ=0 cur=0 / target=+5
2025-10-22 17:32:05,812 INFO [d1] แตะปุ่มอัปเกรด @(844,626)
2025-10-22 17:32:08,957 INFO [d1] จับภาพ overlay_abs (ใช้เวลา 726ms)
2025-10-22 17:32:08,959 INFO [TONE] cold=0.361 hot=0.000 ใช้เวลา 0ms
2025-10-22 17:32:08,961 INFO [d1] โทนสีสรุปเบื้องต้น: success
2025-10-22 17:32:08,962 INFO [d1] ผลลัพธ์: สำเร็จ (+1) → success=1
2025-10-22 17:32:09,114 INFO [d1] stage=upgrade item_idx=0 target=+5 base=None succ=1
2025-10-22 17:32:09,115 INFO [d1] UPGRADE base=0 succ=1 cur=1 / target=+5
2025-10-22 17:32:09,117 INFO [d1] แตะปุ่มอัปเกรด @(844,626)
2025-10-22 17:32:12,268 INFO [d1] จับภาพ overlay_abs (ใช้เวลา 646ms)
2025-10-22 17:32:12,270 INFO [TONE] cold=0.372 hot=0.000 ใช้เวลา 0ms
2025-10-22 17:32:12,272 INFO [d1] โทนสีสรุปเบื้องต้น: success
2025-10-22 17:32:12,274 INFO [d1] ผลลัพธ์: สำเร็จ (+1) → success=2
2025-10-22 17:32:12,275 INFO [d1] heartbeat items=0 target=+5
2025-10-22 17:32:12,427 INFO [d1] stage=upgrade item_idx=0 target=+5 base=None succ=2
2025-10-22 17:32:12,428 INFO [d1] UPGRADE base=0 succ=2 cur=2 / target=+5
2025-10-22 17:32:12,429 INFO [d1] แตะปุ่มอัปเกรด @(844,626)
2025-10-22 17:32:12,739 INFO [d1] stopping...
2025-10-22 17:32:15,756 INFO [d1] จับภาพ overlay_abs (ใช้เวลา 800ms)
2025-10-22 17:32:15,758 INFO [TONE] cold=0.362 hot=0.000 ใช้เวลา 0ms
2025-10-22 17:32:15,760 INFO [d1] โทนสีสรุปเบื้องต้น: success
2025-10-22 17:32:15,761 INFO [d1] ผลลัพธ์: สำเร็จ (+1) → success=3
2025-10-22 17:32:15,762 INFO [d1] heartbeat items=0 target=+5
2025-10-22 17:32:15,914 INFO [d1] loop exit (state=stopping)
2025-10-22 17:32:15,916 INFO [d1] stopped
2025-10-22 17:38:26,975 INFO === BOOT OK / logger stdout test ===
2025-10-22 17:38:44,635 INFO [d1] start
2025-10-22 17:38:45,524 INFO [d1] loop start
2025-10-22 17:38:45,526 INFO [d1] เริ่มคอนเท็กซ์ใหม่ stage=pick item_idx=0
2025-10-22 17:38:45,527 INFO [d1] stage=pick item_idx=0 target=+5 base=None succ=0
2025-10-22 17:38:45,528 INFO [d1] แตะไอเทม idx=0 @(285,170)
2025-10-22 17:38:47,747 INFO [d1] stage=inspect item_idx=0 target=+5 base=None succ=0
2025-10-22 17:38:47,949 INFO [d1] stage=inspect item_idx=0 target=+5 base=None succ=0
2025-10-22 17:38:48,598 INFO [d1] จับภาพสถานะ slot_status (ใช้เวลา 647ms)
2025-10-22 17:38:49,036 INFO [OCR] อ่านตัวเลขสถานะ: raw='' -> digits='' ใช้เวลา 408ms
2025-10-22 17:38:49,037 INFO [d1] OCR ระดับฐาน ปัจจุบันอ่านได้ n=None
2025-10-22 17:38:49,039 INFO [d1] ตัดสินใจ INSERT (n=None)
2025-10-22 17:38:49,190 INFO [d1] stage=insert item_idx=0 target=+5 base=None succ=0
2025-10-22 17:38:51,214 INFO [d1] insert_roi = (547, 522, 427, 132)
2025-10-22 17:38:52,696 WARNING [INSERT] หา/กดปุ่ม 'ใส่ลง' ไม่เจอใน ROI
2025-10-22 17:38:52,697 WARNING [d1] CV insert ไม่เจอ -> fallback แตะ slot_center @(849,327)
2025-10-22 17:38:54,753 INFO [d1] heartbeat items=0 target=+5
2025-10-22 17:38:54,905 INFO [d1] stage=upgrade item_idx=0 target=+5 base=None succ=0
2025-10-22 17:38:54,906 INFO [d1] UPGRADE base=0 succ=0 cur=0 / target=+5
2025-10-22 17:38:54,907 INFO [d1] แตะปุ่มอัปเกรด @(844,626)
2025-10-22 17:38:57,959 INFO [d1] จับภาพ overlay_abs (ใช้เวลา 639ms)
2025-10-22 17:38:57,961 INFO [TONE] cold=0.365 hot=0.000 ใช้เวลา 0ms
2025-10-22 17:38:57,962 INFO [d1] โทนสีสรุปเบื้องต้น: success
2025-10-22 17:38:57,963 INFO [d1] ผลลัพธ์: สำเร็จ (+1) → success=1
2025-10-22 17:38:57,964 INFO [d1] heartbeat items=0 target=+5
2025-10-22 17:38:58,115 INFO [d1] stage=upgrade item_idx=0 target=+5 base=None succ=1
2025-10-22 17:38:58,117 INFO [d1] UPGRADE base=0 succ=1 cur=1 / target=+5
2025-10-22 17:38:58,118 INFO [d1] แตะปุ่มอัปเกรด @(844,626)
2025-10-22 17:39:00,193 INFO [d1] stopping...
2025-10-22 17:39:01,110 INFO [d1] จับภาพ overlay_abs (ใช้เวลา 732ms)
2025-10-22 17:39:01,112 INFO [TONE] cold=0.370 hot=0.000 ใช้เวลา 0ms
2025-10-22 17:39:01,114 INFO [d1] โทนสีสรุปเบื้องต้น: success
2025-10-22 17:39:01,115 INFO [d1] ผลลัพธ์: สำเร็จ (+1) → success=2
2025-10-22 17:39:01,267 INFO [d1] loop exit (state=stopping)
2025-10-22 17:39:01,269 INFO [d1] stopped
2025-10-22 17:47:42,877 INFO === BOOT OK / logger stdout test ===
2025-10-22 17:47:51,197 INFO [d1] start
2025-10-22 17:47:52,138 INFO [d1] loop start
2025-10-22 17:47:52,139 INFO [d1] เริ่มคอนเท็กซ์ใหม่ stage=pick item_idx=0
2025-10-22 17:47:52,141 INFO [d1] CFG slot_center=(849, 327)
2025-10-22 17:47:52,142 INFO [d1] CFG upgrade_btn=(844, 626)
2025-10-22 17:47:52,143 INFO [d1] CFG overlay_abs=(x1=710,y1=237,w=279,h=160)
2025-10-22 17:47:52,144 INFO [d1] CFG insert_roi=(x1=547,y1=522,w=427,h=132)
2025-10-22 17:47:52,146 INFO [d1] CFG slot_status_roi=(x1=0,y1=0,w=0,h=0)
2025-10-22 17:47:52,147 INFO [d1] CFG items[len]=6 -> [(285, 170), (345, 170), (405, 170), (465, 170), (525, 170), (585, 170)]
2025-10-22 17:47:52,149 INFO [d1] CFG swipe={'x': 270, 'y': 220, 'dy': -75, 'ms': 800}
2025-10-22 17:47:52,150 INFO [d1] stage=pick item_idx=0 target=+5 base=None succ=0
2025-10-22 17:47:52,151 INFO [d1] แตะไอเทม idx=0 @(285,170)
2025-10-22 17:47:54,501 INFO [d1] heartbeat items=0 target=+5
2025-10-22 17:47:54,653 INFO [d1] stage=inspect item_idx=0 target=+5 base=None succ=0
2025-10-22 17:47:54,705 INFO [d1] heartbeat items=0 target=+5
2025-10-22 17:47:54,857 INFO [d1] stage=inspect item_idx=0 target=+5 base=None succ=0
2025-10-22 17:47:55,655 INFO [d1] จับภาพสถานะ slot_status (ใช้เวลา 796ms)
2025-10-22 17:47:56,055 INFO [OCR] อ่านตัวเลขสถานะ: raw='' -> digits='' ใช้เวลา 373ms
2025-10-22 17:47:56,057 INFO [d1] OCR ระดับฐาน ปัจจุบันอ่านได้ n=None
2025-10-22 17:47:56,058 INFO [d1] ตัดสินใจ INSERT (n=None)
2025-10-22 17:47:56,210 INFO [d1] stage=insert item_idx=0 target=+5 base=None succ=0
2025-10-22 17:47:58,145 INFO [d1] insert_roi = (547, 522, 427, 132)
2025-10-22 17:47:59,000 INFO [d1] stopping...
2025-10-22 17:47:59,719 WARNING [INSERT] หา/กดปุ่ม 'ใส่ลง' ไม่เจอใน ROI
2025-10-22 17:47:59,721 WARNING [d1] CV insert ไม่เจอ -> fallback แตะ slot_center @(849,327)
2025-10-22 17:48:01,832 INFO [d1] loop exit (state=stopping)
2025-10-22 17:48:01,834 INFO [d1] stopped
2025-10-22 17:50:44,348 INFO [d1] start
2025-10-22 17:50:45,227 INFO [d1] loop start
2025-10-22 17:50:45,229 INFO [d1] stage=upgrade item_idx=0 target=+5 base=None succ=0
2025-10-22 17:50:45,230 INFO [d1] UPGRADE base=0 succ=0 cur=0 / target=+5
2025-10-22 17:50:45,232 INFO [d1] แตะปุ่มอัปเกรด @(844,626)
2025-10-22 17:50:48,152 INFO [d1] จับภาพ overlay_abs (ใช้เวลา 612ms)
2025-10-22 17:50:48,155 INFO [TONE] cold=0.374 hot=0.000 ใช้เวลา 1ms
2025-10-22 17:50:48,156 INFO [d1] โทนสีสรุปเบื้องต้น: success
2025-10-22 17:50:48,157 INFO [d1] ผลลัพธ์: สำเร็จ (+1) → success=1
2025-10-22 17:50:48,158 INFO [d1] heartbeat items=0 target=+5
2025-10-22 17:50:48,309 INFO [d1] stage=upgrade item_idx=0 target=+5 base=None succ=1
2025-10-22 17:50:48,311 INFO [d1] UPGRADE base=0 succ=1 cur=1 / target=+5
2025-10-22 17:50:48,312 INFO [d1] แตะปุ่มอัปเกรด @(844,626)
2025-10-22 17:50:51,395 INFO [d1] จับภาพ overlay_abs (ใช้เวลา 753ms)
2025-10-22 17:50:51,397 INFO [TONE] cold=0.372 hot=0.000 ใช้เวลา 0ms
2025-10-22 17:50:51,399 INFO [d1] โทนสีสรุปเบื้องต้น: success
2025-10-22 17:50:51,400 INFO [d1] ผลลัพธ์: สำเร็จ (+1) → success=2
2025-10-22 17:50:51,402 INFO [d1] heartbeat items=0 target=+5
2025-10-22 17:50:51,554 INFO [d1] stage=upgrade item_idx=0 target=+5 base=None succ=2
2025-10-22 17:50:51,555 INFO [d1] UPGRADE base=0 succ=2 cur=2 / target=+5
2025-10-22 17:50:51,557 INFO [d1] แตะปุ่มอัปเกรด @(844,626)
2025-10-22 17:50:54,781 INFO [d1] จับภาพ overlay_abs (ใช้เวลา 731ms)
2025-10-22 17:50:54,783 INFO [TONE] cold=0.361 hot=0.000 ใช้เวลา 0ms
2025-10-22 17:50:54,784 INFO [d1] โทนสีสรุปเบื้องต้น: success
2025-10-22 17:50:54,786 INFO [d1] ผลลัพธ์: สำเร็จ (+1) → success=3
2025-10-22 17:50:54,787 INFO [d1] heartbeat items=0 target=+5
2025-10-22 17:50:54,939 INFO [d1] stage=upgrade item_idx=0 target=+5 base=None succ=3
2025-10-22 17:50:54,941 INFO [d1] UPGRADE base=0 succ=3 cur=3 / target=+5
2025-10-22 17:50:54,942 INFO [d1] แตะปุ่มอัปเกรด @(844,626)
2025-10-22 17:50:57,920 INFO [d1] จับภาพ overlay_abs (ใช้เวลา 563ms)
2025-10-22 17:50:57,922 INFO [TONE] cold=0.367 hot=0.000 ใช้เวลา 0ms
2025-10-22 17:50:57,923 INFO [d1] โทนสีสรุปเบื้องต้น: success
2025-10-22 17:50:57,924 INFO [d1] ผลลัพธ์: สำเร็จ (+1) → success=4
2025-10-22 17:50:57,925 INFO [d1] heartbeat items=0 target=+5
2025-10-22 17:50:58,076 INFO [d1] stage=upgrade item_idx=0 target=+5 base=None succ=4
2025-10-22 17:50:58,078 INFO [d1] UPGRADE base=0 succ=4 cur=4 / target=+5
2025-10-22 17:50:58,079 INFO [d1] แตะปุ่มอัปเกรด @(844,626)
2025-10-22 17:51:01,017 INFO [d1] จับภาพ overlay_abs (ใช้เวลา 548ms)
2025-10-22 17:51:01,018 INFO [TONE] cold=0.374 hot=0.000 ใช้เวลา 0ms
2025-10-22 17:51:01,020 INFO [d1] โทนสีสรุปเบื้องต้น: success
2025-10-22 17:51:01,021 INFO [d1] ผลลัพธ์: สำเร็จ (+1) → success=5
2025-10-22 17:51:01,172 INFO [d1] stage=upgrade item_idx=0 target=+5 base=None succ=5
2025-10-22 17:51:01,174 INFO [d1] UPGRADE base=0 succ=5 cur=5 / target=+5
2025-10-22 17:51:01,175 INFO [d1] ถึงเป้าหมาย +5 แล้ว → นับสำเร็จ 1 ชิ้น และไปชิ้นถัดไป
2025-10-22 17:51:01,326 INFO [d1] stage=pick item_idx=1 target=+5 base=None succ=5
2025-10-22 17:51:01,327 INFO [d1] แตะไอเทม idx=1 @(345,170)
2025-10-22 17:51:03,365 INFO [d1] heartbeat items=0 target=+5
2025-10-22 17:51:03,516 INFO [d1] stage=inspect item_idx=1 target=+5 base=None succ=5
2025-10-22 17:51:03,567 INFO [d1] heartbeat items=0 target=+5
2025-10-22 17:51:03,719 INFO [d1] stage=inspect item_idx=1 target=+5 base=None succ=5
2025-10-22 17:51:04,449 INFO [d1] จับภาพสถานะ slot_status (ใช้เวลา 728ms)
2025-10-22 17:51:04,814 INFO [OCR] อ่านตัวเลขสถานะ: raw='' -> digits='' ใช้เวลา 364ms
2025-10-22 17:51:04,815 INFO [d1] OCR ระดับฐาน ปัจจุบันอ่านได้ n=None
2025-10-22 17:51:04,816 INFO [d1] ตัดสินใจ INSERT (n=None)
2025-10-22 17:51:04,968 INFO [d1] stage=insert item_idx=1 target=+5 base=None succ=5
2025-10-22 17:51:06,979 INFO [d1] insert_roi = (547, 522, 427, 132)
2025-10-22 17:51:08,370 INFO [INSERT] click at (645,606) thr=0.86 score=0.987 roi=(547,522,427,132)
2025-10-22 17:51:10,418 INFO [d1] stage=upgrade item_idx=1 target=+5 base=None succ=0
2025-10-22 17:51:10,420 INFO [d1] UPGRADE base=0 succ=0 cur=0 / target=+5
2025-10-22 17:51:10,421 INFO [d1] แตะปุ่มอัปเกรด @(844,626)
2025-10-22 17:51:13,337 INFO [d1] จับภาพ overlay_abs (ใช้เวลา 616ms)
2025-10-22 17:51:13,339 INFO [TONE] cold=0.064 hot=0.011 ใช้เวลา 0ms
2025-10-22 17:51:13,340 INFO [d1] โทนสีสรุปเบื้องต้น: success
2025-10-22 17:51:13,341 INFO [d1] ผลลัพธ์: สำเร็จ (+1) → success=1
2025-10-22 17:51:13,493 INFO [d1] stage=upgrade item_idx=1 target=+5 base=None succ=1
2025-10-22 17:51:13,494 INFO [d1] UPGRADE base=0 succ=1 cur=1 / target=+5
2025-10-22 17:51:13,495 INFO [d1] แตะปุ่มอัปเกรด @(844,626)
2025-10-22 17:51:16,650 INFO [d1] จับภาพ overlay_abs (ใช้เวลา 569ms)
2025-10-22 17:51:16,652 INFO [TONE] cold=0.062 hot=0.011 ใช้เวลา 0ms
2025-10-22 17:51:16,653 INFO [d1] โทนสีสรุปเบื้องต้น: success
2025-10-22 17:51:16,655 INFO [d1] ผลลัพธ์: สำเร็จ (+1) → success=2
2025-10-22 17:51:16,807 INFO [d1] stage=upgrade item_idx=1 target=+5 base=None succ=2
2025-10-22 17:51:16,808 INFO [d1] UPGRADE base=0 succ=2 cur=2 / target=+5
2025-10-22 17:51:16,810 INFO [d1] แตะปุ่มอัปเกรด @(844,626)
2025-10-22 17:51:19,882 INFO [d1] จับภาพ overlay_abs (ใช้เวลา 686ms)
2025-10-22 17:51:19,884 INFO [TONE] cold=0.065 hot=0.011 ใช้เวลา 0ms
2025-10-22 17:51:19,885 INFO [d1] โทนสีสรุปเบื้องต้น: success
2025-10-22 17:51:19,886 INFO [d1] ผลลัพธ์: สำเร็จ (+1) → success=3
2025-10-22 17:51:20,038 INFO [d1] stage=upgrade item_idx=1 target=+5 base=None succ=3
2025-10-22 17:51:20,040 INFO [d1] UPGRADE base=0 succ=3 cur=3 / target=+5
2025-10-22 17:51:20,041 INFO [d1] แตะปุ่มอัปเกรด @(844,626)
2025-10-22 17:51:22,975 INFO [d1] จับภาพ overlay_abs (ใช้เวลา 702ms)
2025-10-22 17:51:22,977 INFO [TONE] cold=0.066 hot=0.011 ใช้เวลา 0ms
2025-10-22 17:51:22,978 INFO [d1] โทนสีสรุปเบื้องต้น: success
2025-10-22 17:51:22,979 INFO [d1] ผลลัพธ์: สำเร็จ (+1) → success=4
2025-10-22 17:51:23,131 INFO [d1] stage=upgrade item_idx=1 target=+5 base=None succ=4
2025-10-22 17:51:23,132 INFO [d1] UPGRADE base=0 succ=4 cur=4 / target=+5
2025-10-22 17:51:23,133 INFO [d1] แตะปุ่มอัปเกรด @(844,626)
2025-10-22 17:51:26,061 INFO [d1] จับภาพ overlay_abs (ใช้เวลา 721ms)
2025-10-22 17:51:26,063 INFO [TONE] cold=0.273 hot=0.018 ใช้เวลา 0ms
2025-10-22 17:51:26,064 INFO [d1] โทนสีสรุปเบื้องต้น: success
2025-10-22 17:51:26,065 INFO [d1] ผลลัพธ์: สำเร็จ (+1) → success=5
2025-10-22 17:51:26,216 INFO [d1] stage=upgrade item_idx=1 target=+5 base=None succ=5
2025-10-22 17:51:26,218 INFO [d1] UPGRADE base=0 succ=5 cur=5 / target=+5
2025-10-22 17:51:26,219 INFO [d1] ถึงเป้าหมาย +5 แล้ว → นับสำเร็จ 1 ชิ้น และไปชิ้นถัดไป
2025-10-22 17:51:26,370 INFO [d1] stage=pick item_idx=2 target=+5 base=None succ=5
2025-10-22 17:51:26,372 INFO [d1] แตะไอเทม idx=2 @(405,170)
2025-10-22 17:51:28,481 INFO [d1] stage=inspect item_idx=2 target=+5 base=None succ=5
2025-10-22 17:51:28,683 INFO [d1] stage=inspect item_idx=2 target=+5 base=None succ=5
2025-10-22 17:51:29,266 INFO [d1] จับภาพสถานะ slot_status (ใช้เวลา 582ms)
2025-10-22 17:51:29,610 INFO [OCR] อ่านตัวเลขสถานะ: raw='' -> digits='' ใช้เวลา 342ms
2025-10-22 17:51:29,611 INFO [d1] OCR ระดับฐาน ปัจจุบันอ่านได้ n=None
2025-10-22 17:51:29,612 INFO [d1] ตัดสินใจ INSERT (n=None)
2025-10-22 17:51:29,763 INFO [d1] stage=insert item_idx=2 target=+5 base=None succ=5
2025-10-22 17:51:31,781 INFO [d1] insert_roi = (547, 522, 427, 132)
2025-10-22 17:51:33,289 WARNING [INSERT] หา/กดปุ่ม 'ใส่ลง' ไม่เจอใน ROI
2025-10-22 17:51:33,290 WARNING [d1] CV insert ไม่เจอ -> fallback แตะ slot_center @(849,327)
2025-10-22 17:51:35,397 INFO [d1] stage=upgrade item_idx=2 target=+5 base=None succ=0
2025-10-22 17:51:35,401 INFO [d1] UPGRADE base=0 succ=0 cur=0 / target=+5
2025-10-22 17:51:35,402 INFO [d1] แตะปุ่มอัปเกรด @(844,626)
2025-10-22 17:51:38,263 INFO [d1] จับภาพ overlay_abs (ใช้เวลา 574ms)
2025-10-22 17:51:38,264 INFO [TONE] cold=0.061 hot=0.007 ใช้เวลา 0ms
2025-10-22 17:51:38,266 INFO [d1] โทนสีสรุปเบื้องต้น: success
2025-10-22 17:51:38,267 INFO [d1] ผลลัพธ์: สำเร็จ (+1) → success=1
2025-10-22 17:51:38,418 INFO [d1] stage=upgrade item_idx=2 target=+5 base=None succ=1
2025-10-22 17:51:38,419 INFO [d1] UPGRADE base=0 succ=1 cur=1 / target=+5
2025-10-22 17:51:38,421 INFO [d1] แตะปุ่มอัปเกรด @(844,626)
2025-10-22 17:51:41,296 INFO [d1] จับภาพ overlay_abs (ใช้เวลา 587ms)
2025-10-22 17:51:41,298 INFO [TONE] cold=0.366 hot=0.000 ใช้เวลา 0ms
2025-10-22 17:51:41,299 INFO [d1] โทนสีสรุปเบื้องต้น: success
2025-10-22 17:51:41,300 INFO [d1] ผลลัพธ์: สำเร็จ (+1) → success=2
2025-10-22 17:51:41,452 INFO [d1] stage=upgrade item_idx=2 target=+5 base=None succ=2
2025-10-22 17:51:41,453 INFO [d1] UPGRADE base=0 succ=2 cur=2 / target=+5
2025-10-22 17:51:41,454 INFO [d1] แตะปุ่มอัปเกรด @(844,626)
2025-10-22 17:51:44,585 INFO [d1] จับภาพ overlay_abs (ใช้เวลา 654ms)
2025-10-22 17:51:44,587 INFO [TONE] cold=0.362 hot=0.000 ใช้เวลา 0ms
2025-10-22 17:51:44,588 INFO [d1] โทนสีสรุปเบื้องต้น: success
2025-10-22 17:51:44,590 INFO [d1] ผลลัพธ์: สำเร็จ (+1) → success=3
2025-10-22 17:51:44,741 INFO [d1] stage=upgrade item_idx=2 target=+5 base=None succ=3
2025-10-22 17:51:44,743 INFO [d1] UPGRADE base=0 succ=3 cur=3 / target=+5
2025-10-22 17:51:44,744 INFO [d1] แตะปุ่มอัปเกรด @(844,626)
2025-10-22 17:51:47,535 INFO [d1] จับภาพ overlay_abs (ใช้เวลา 591ms)
2025-10-22 17:51:47,537 INFO [TONE] cold=0.362 hot=0.000 ใช้เวลา 0ms
2025-10-22 17:51:47,539 INFO [d1] โทนสีสรุปเบื้องต้น: success
2025-10-22 17:51:47,540 INFO [d1] ผลลัพธ์: สำเร็จ (+1) → success=4
2025-10-22 17:51:47,691 INFO [d1] stage=upgrade item_idx=2 target=+5 base=None succ=4
2025-10-22 17:51:47,692 INFO [d1] UPGRADE base=0 succ=4 cur=4 / target=+5
2025-10-22 17:51:47,693 INFO [d1] แตะปุ่มอัปเกรด @(844,626)
2025-10-22 17:51:50,578 INFO [d1] จับภาพ overlay_abs (ใช้เวลา 663ms)
2025-10-22 17:51:50,580 INFO [TONE] cold=0.362 hot=0.000 ใช้เวลา 0ms
2025-10-22 17:51:50,582 INFO [d1] โทนสีสรุปเบื้องต้น: success
2025-10-22 17:51:50,583 INFO [d1] ผลลัพธ์: สำเร็จ (+1) → success=5
2025-10-22 17:51:50,734 INFO [d1] stage=upgrade item_idx=2 target=+5 base=None succ=5
2025-10-22 17:51:50,736 INFO [d1] UPGRADE base=0 succ=5 cur=5 / target=+5
2025-10-22 17:51:50,737 INFO [d1] ถึงเป้าหมาย +5 แล้ว → นับสำเร็จ 1 ชิ้น และไปชิ้นถัดไป
2025-10-22 17:51:50,888 INFO [d1] stage=pick item_idx=3 target=+5 base=None succ=5
2025-10-22 17:51:50,890 INFO [d1] แตะไอเทม idx=3 @(465,170)
2025-10-22 17:51:53,019 INFO [d1] stage=inspect item_idx=3 target=+5 base=None succ=5
2025-10-22 17:51:53,221 INFO [d1] stage=inspect item_idx=3 target=+5 base=None succ=5
2025-10-22 17:51:53,889 INFO [d1] จับภาพสถานะ slot_status (ใช้เวลา 666ms)
2025-10-22 17:51:54,232 INFO [OCR] อ่านตัวเลขสถานะ: raw='' -> digits='' ใช้เวลา 341ms
2025-10-22 17:51:54,234 INFO [d1] OCR ระดับฐาน ปัจจุบันอ่านได้ n=None
2025-10-22 17:51:54,235 INFO [d1] ตัดสินใจ INSERT (n=None)
2025-10-22 17:51:54,236 INFO [d1] heartbeat items=0 target=+5
2025-10-22 17:51:54,387 INFO [d1] stage=insert item_idx=3 target=+5 base=None succ=5
2025-10-22 17:51:56,244 INFO [d1] insert_roi = (547, 522, 427, 132)
2025-10-22 17:51:57,599 INFO [INSERT] click at (768,606) thr=0.86 score=0.979 roi=(547,522,427,132)
2025-10-22 17:51:59,758 INFO [d1] stage=upgrade item_idx=3 target=+5 base=None succ=0
2025-10-22 17:51:59,759 INFO [d1] UPGRADE base=0 succ=0 cur=0 / target=+5
2025-10-22 17:51:59,760 INFO [d1] แตะปุ่มอัปเกรด @(844,626)
2025-10-22 17:52:02,653 INFO [d1] จับภาพ overlay_abs (ใช้เวลา 684ms)
2025-10-22 17:52:02,655 INFO [TONE] cold=0.265 hot=0.019 ใช้เวลา 0ms
2025-10-22 17:52:02,657 INFO [d1] โทนสีสรุปเบื้องต้น: success
2025-10-22 17:52:02,658 INFO [d1] ผลลัพธ์: สำเร็จ (+1) → success=1
2025-10-22 17:52:02,810 INFO [d1] stage=upgrade item_idx=3 target=+5 base=None succ=1
2025-10-22 17:52:02,811 INFO [d1] UPGRADE base=0 succ=1 cur=1 / target=+5
2025-10-22 17:52:02,812 INFO [d1] แตะปุ่มอัปเกรด @(844,626)
2025-10-22 17:52:05,540 INFO [d1] จับภาพ overlay_abs (ใช้เวลา 536ms)
2025-10-22 17:52:05,542 INFO [TONE] cold=0.265 hot=0.018 ใช้เวลา 0ms
2025-10-22 17:52:05,543 INFO [d1] โทนสีสรุปเบื้องต้น: success
2025-10-22 17:52:05,545 INFO [d1] ผลลัพธ์: สำเร็จ (+1) → success=2
2025-10-22 17:52:05,696 INFO [d1] stage=upgrade item_idx=3 target=+5 base=None succ=2
2025-10-22 17:52:05,697 INFO [d1] UPGRADE base=0 succ=2 cur=2 / target=+5
2025-10-22 17:52:05,698 INFO [d1] แตะปุ่มอัปเกรด @(844,626)
2025-10-22 17:52:08,633 INFO [d1] จับภาพ overlay_abs (ใช้เวลา 555ms)
2025-10-22 17:52:08,635 INFO [TONE] cold=0.264 hot=0.018 ใช้เวลา 0ms
2025-10-22 17:52:08,636 INFO [d1] โทนสีสรุปเบื้องต้น: success
2025-10-22 17:52:08,638 INFO [d1] ผลลัพธ์: สำเร็จ (+1) → success=3
2025-10-22 17:52:08,789 INFO [d1] stage=upgrade item_idx=3 target=+5 base=None succ=3
2025-10-22 17:52:08,791 INFO [d1] UPGRADE base=0 succ=3 cur=3 / target=+5
2025-10-22 17:52:08,792 INFO [d1] แตะปุ่มอัปเกรด @(844,626)
2025-10-22 17:52:11,629 INFO [d1] จับภาพ overlay_abs (ใช้เวลา 554ms)
2025-10-22 17:52:11,631 INFO [TONE] cold=0.265 hot=0.019 ใช้เวลา 0ms
2025-10-22 17:52:11,633 INFO [d1] โทนสีสรุปเบื้องต้น: success
2025-10-22 17:52:11,634 INFO [d1] ผลลัพธ์: สำเร็จ (+1) → success=4
2025-10-22 17:52:11,786 INFO [d1] stage=upgrade item_idx=3 target=+5 base=None succ=4
2025-10-22 17:52:11,787 INFO [d1] UPGRADE base=0 succ=4 cur=4 / target=+5
2025-10-22 17:52:11,789 INFO [d1] แตะปุ่มอัปเกรด @(844,626)
2025-10-22 17:52:14,721 INFO [d1] จับภาพ overlay_abs (ใช้เวลา 670ms)
2025-10-22 17:52:14,723 INFO [TONE] cold=0.265 hot=0.019 ใช้เวลา 0ms
2025-10-22 17:52:14,724 INFO [d1] โทนสีสรุปเบื้องต้น: success
2025-10-22 17:52:14,725 INFO [d1] ผลลัพธ์: สำเร็จ (+1) → success=5
2025-10-22 17:52:14,877 INFO [d1] stage=upgrade item_idx=3 target=+5 base=None succ=5
2025-10-22 17:52:14,878 INFO [d1] UPGRADE base=0 succ=5 cur=5 / target=+5
2025-10-22 17:52:14,879 INFO [d1] ถึงเป้าหมาย +5 แล้ว → นับสำเร็จ 1 ชิ้น และไปชิ้นถัดไป
2025-10-22 17:52:15,031 INFO [d1] stage=pick item_idx=4 target=+5 base=None succ=5
2025-10-22 17:52:15,032 INFO [d1] แตะไอเทม idx=4 @(525,170)
2025-10-22 17:52:17,199 INFO [d1] stage=inspect item_idx=4 target=+5 base=None succ=5
2025-10-22 17:52:17,401 INFO [d1] stage=inspect item_idx=4 target=+5 base=None succ=5
2025-10-22 17:52:18,056 INFO [d1] จับภาพสถานะ slot_status (ใช้เวลา 653ms)
2025-10-22 17:52:18,381 INFO [OCR] อ่านตัวเลขสถานะ: raw='' -> digits='' ใช้เวลา 323ms
2025-10-22 17:52:18,382 INFO [d1] OCR ระดับฐาน ปัจจุบันอ่านได้ n=None
2025-10-22 17:52:18,384 INFO [d1] ตัดสินใจ INSERT (n=None)
2025-10-22 17:52:18,385 INFO [d1] heartbeat items=0 target=+5
2025-10-22 17:52:18,536 INFO [d1] stage=insert item_idx=4 target=+5 base=None succ=5
2025-10-22 17:52:20,422 INFO [d1] insert_roi = (547, 522, 427, 132)
2025-10-22 17:52:21,705 INFO [INSERT] click at (829,606) thr=0.86 score=0.969 roi=(547,522,427,132)
2025-10-22 17:52:23,806 INFO [d1] stage=upgrade item_idx=4 target=+5 base=None succ=0
2025-10-22 17:52:23,808 INFO [d1] UPGRADE base=0 succ=0 cur=0 / target=+5
2025-10-22 17:52:23,809 INFO [d1] แตะปุ่มอัปเกรด @(844,626)
2025-10-22 17:52:26,588 INFO [d1] จับภาพ overlay_abs (ใช้เวลา 489ms)
2025-10-22 17:52:26,589 INFO [TONE] cold=0.264 hot=0.018 ใช้เวลา 0ms
2025-10-22 17:52:26,591 INFO [d1] โทนสีสรุปเบื้องต้น: success
2025-10-22 17:52:26,592 INFO [d1] ผลลัพธ์: สำเร็จ (+1) → success=1
2025-10-22 17:52:26,743 INFO [d1] stage=upgrade item_idx=4 target=+5 base=None succ=1
2025-10-22 17:52:26,745 INFO [d1] UPGRADE base=0 succ=1 cur=1 / target=+5
2025-10-22 17:52:26,746 INFO [d1] แตะปุ่มอัปเกรด @(844,626)
2025-10-22 17:52:29,658 INFO [d1] จับภาพ overlay_abs (ใช้เวลา 699ms)
2025-10-22 17:52:29,659 INFO [TONE] cold=0.265 hot=0.018 ใช้เวลา 0ms
2025-10-22 17:52:29,660 INFO [d1] โทนสีสรุปเบื้องต้น: success
2025-10-22 17:52:29,661 INFO [d1] ผลลัพธ์: สำเร็จ (+1) → success=2
2025-10-22 17:52:29,812 INFO [d1] stage=upgrade item_idx=4 target=+5 base=None succ=2
2025-10-22 17:52:29,814 INFO [d1] UPGRADE base=0 succ=2 cur=2 / target=+5
2025-10-22 17:52:29,815 INFO [d1] แตะปุ่มอัปเกรด @(844,626)
2025-10-22 17:52:32,833 INFO [d1] จับภาพ overlay_abs (ใช้เวลา 686ms)
2025-10-22 17:52:32,835 INFO [TONE] cold=0.264 hot=0.018 ใช้เวลา 0ms
2025-10-22 17:52:32,836 INFO [d1] โทนสีสรุปเบื้องต้น: success
2025-10-22 17:52:32,838 INFO [d1] ผลลัพธ์: สำเร็จ (+1) → success=3
2025-10-22 17:52:32,990 INFO [d1] stage=upgrade item_idx=4 target=+5 base=None succ=3
2025-10-22 17:52:32,991 INFO [d1] UPGRADE base=0 succ=3 cur=3 / target=+5
2025-10-22 17:52:32,992 INFO [d1] แตะปุ่มอัปเกรด @(844,626)
2025-10-22 17:52:35,909 INFO [d1] จับภาพ overlay_abs (ใช้เวลา 540ms)
2025-10-22 17:52:35,910 INFO [TONE] cold=0.274 hot=0.018 ใช้เวลา 0ms
2025-10-22 17:52:35,911 INFO [d1] โทนสีสรุปเบื้องต้น: success
2025-10-22 17:52:35,912 INFO [d1] ผลลัพธ์: สำเร็จ (+1) → success=4
2025-10-22 17:52:36,064 INFO [d1] stage=upgrade item_idx=4 target=+5 base=None succ=4
2025-10-22 17:52:36,065 INFO [d1] UPGRADE base=0 succ=4 cur=4 / target=+5
2025-10-22 17:52:36,066 INFO [d1] แตะปุ่มอัปเกรด @(844,626)
2025-10-22 17:52:39,003 INFO [d1] จับภาพ overlay_abs (ใช้เวลา 699ms)
2025-10-22 17:52:39,005 INFO [TONE] cold=0.266 hot=0.018 ใช้เวลา 0ms
2025-10-22 17:52:39,006 INFO [d1] โทนสีสรุปเบื้องต้น: success
2025-10-22 17:52:39,008 INFO [d1] ผลลัพธ์: สำเร็จ (+1) → success=5
2025-10-22 17:52:39,009 INFO [d1] heartbeat items=0 target=+5
2025-10-22 17:52:39,160 INFO [d1] stage=upgrade item_idx=4 target=+5 base=None succ=5
2025-10-22 17:52:39,162 INFO [d1] UPGRADE base=0 succ=5 cur=5 / target=+5
2025-10-22 17:52:39,163 INFO [d1] ถึงเป้าหมาย +5 แล้ว → นับสำเร็จ 1 ชิ้น และไปชิ้นถัดไป
2025-10-22 17:52:39,164 INFO [d1] heartbeat items=0 target=+5
2025-10-22 17:52:39,315 INFO [d1] stage=pick item_idx=5 target=+5 base=None succ=5
2025-10-22 17:52:39,316 INFO [d1] แตะไอเทม idx=5 @(585,170)
2025-10-22 17:52:41,473 INFO [d1] stage=inspect item_idx=5 target=+5 base=None succ=5
2025-10-22 17:52:41,674 INFO [d1] stage=inspect item_idx=5 target=+5 base=None succ=5
2025-10-22 17:52:42,267 INFO [d1] จับภาพสถานะ slot_status (ใช้เวลา 591ms)
2025-10-22 17:52:42,679 INFO [OCR] อ่านตัวเลขสถานะ: raw='' -> digits='' ใช้เวลา 410ms
2025-10-22 17:52:42,681 INFO [d1] OCR ระดับฐาน ปัจจุบันอ่านได้ n=None
2025-10-22 17:52:42,682 INFO [d1] ตัดสินใจ INSERT (n=None)
2025-10-22 17:52:42,683 INFO [d1] heartbeat items=0 target=+5
2025-10-22 17:52:42,834 INFO [d1] stage=insert item_idx=5 target=+5 base=None succ=5
2025-10-22 17:52:44,781 INFO [d1] insert_roi = (547, 522, 427, 132)
2025-10-22 17:52:46,149 INFO [INSERT] click at (891,606) thr=0.86 score=0.955 roi=(547,522,427,132)
2025-10-22 17:52:48,125 INFO [d1] stage=upgrade item_idx=5 target=+5 base=None succ=0
2025-10-22 17:52:48,126 INFO [d1] UPGRADE base=0 succ=0 cur=0 / target=+5
2025-10-22 17:52:48,127 INFO [d1] แตะปุ่มอัปเกรด @(844,626)
2025-10-22 17:52:48,963 INFO [d1] stopping...
2025-10-22 17:52:51,338 INFO [d1] จับภาพ overlay_abs (ใช้เวลา 732ms)
2025-10-22 17:52:51,340 INFO [TONE] cold=0.275 hot=0.018 ใช้เวลา 0ms
2025-10-22 17:52:51,341 INFO [d1] โทนสีสรุปเบื้องต้น: success
2025-10-22 17:52:51,342 INFO [d1] ผลลัพธ์: สำเร็จ (+1) → success=1
2025-10-22 17:52:51,343 INFO [d1] heartbeat items=0 target=+5
2025-10-22 17:52:51,495 INFO [d1] loop exit (state=stopping)
2025-10-22 17:52:51,496 INFO [d1] stopped
2025-10-22 18:03:18,306 INFO === BOOT OK / logger stdout test ===
2025-10-22 18:04:12,362 INFO === BOOT OK / logger stdout test ===
2025-10-22 18:05:33,501 INFO === BOOT OK / logger stdout test ===
2025-10-22 18:15:50,457 INFO === BOOT OK / logger stdout test ===
2025-10-22 18:20:40,365 INFO === BOOT OK / logger stdout test ===
2025-10-22 18:21:14,082 INFO === BOOT OK / logger stdout test ===
2025-10-22 18:27:09,524 INFO === BOOT OK / logger stdout test ===
2025-10-22 18:28:05,130 INFO [d2] start
2025-10-22 18:28:06,130 INFO [d2] loop start
2025-10-22 18:28:06,131 INFO [d2] เริ่มคอนเท็กซ์ใหม่ stage=pick item_idx=0
2025-10-22 18:28:06,132 INFO [d2] CFG slot_center=(849, 327)
2025-10-22 18:28:06,133 INFO [d2] CFG upgrade_btn=(844, 626)
2025-10-22 18:28:06,134 INFO [d2] CFG overlay_abs=(x1=710,y1=237,w=279,h=160)
2025-10-22 18:28:06,136 INFO [d2] CFG insert_roi=(x1=527,y1=537,w=427,h=132)
2025-10-22 18:28:06,137 INFO [d2] CFG slot_status_roi=(x1=546,y1=149,w=160,h=63)
2025-10-22 18:28:06,138 INFO [d2] CFG items[len]=6 -> [(285, 170), (345, 170), (405, 170), (465, 170), (525, 170), (585, 170)]
2025-10-22 18:28:06,139 INFO [d2] CFG swipe={'x': 270, 'y': 220, 'dy': -75, 'ms': 800}
2025-10-22 18:28:06,140 INFO [d2] stage=pick item_idx=0 target=+5 base=None succ=0
2025-10-22 18:28:06,141 INFO [d2] แตะไอเทม idx=0 @(285,170)
2025-10-22 18:28:08,355 INFO [d2] stage=inspect item_idx=0 target=+5 base=None succ=0
2025-10-22 18:28:08,556 INFO [d2] stage=inspect item_idx=0 target=+5 base=None succ=0
2025-10-22 18:28:09,188 INFO [d2] จับภาพสถานะ slot_status (ใช้เวลา 629ms)
2025-10-22 18:28:09,400 INFO [OCR] อ่านตัวเลขสถานะ: raw='' -> digits='' ใช้เวลา 200ms
2025-10-22 18:28:09,401 INFO [d2] OCR ระดับฐาน ปัจจุบันอ่านได้ n=None
2025-10-22 18:28:09,402 INFO [d2] ตัดสินใจ INSERT (n=None)
2025-10-22 18:28:09,404 INFO [d2] heartbeat items=0 target=+5
2025-10-22 18:28:09,555 INFO [d2] stage=insert item_idx=0 target=+5 base=None succ=0
2025-10-22 18:28:11,463 INFO [d2] insert_roi = (527, 537, 427, 132)
2025-10-22 18:28:12,958 WARNING [INSERT] หา/กดปุ่ม 'ใส่ลง' ไม่เจอใน ROI
2025-10-22 18:28:12,959 WARNING [d2] CV insert ไม่เจอ -> fallback แตะ slot_center @(849,327)
2025-10-22 18:28:15,115 INFO [d2] stage=upgrade item_idx=0 target=+5 base=None succ=0
2025-10-22 18:28:15,116 INFO [d2] UPGRADE base=0 succ=0 cur=0 / target=+5
2025-10-22 18:28:15,117 INFO [d2] แตะปุ่มอัปเกรด @(844,626)
2025-10-22 18:28:18,052 INFO [d2] จับภาพ overlay_abs (ใช้เวลา 683ms)
2025-10-22 18:28:18,054 INFO [TONE] cold=0.360 hot=0.000 ใช้เวลา 0ms
2025-10-22 18:28:18,056 INFO [d2] โทนสีสรุปเบื้องต้น: success
2025-10-22 18:28:18,057 INFO [d2] ผลลัพธ์: สำเร็จ (+1) → success=1
2025-10-22 18:28:18,058 INFO [d2] heartbeat items=0 target=+5
2025-10-22 18:28:18,210 INFO [d2] stage=upgrade item_idx=0 target=+5 base=None succ=1
2025-10-22 18:28:18,211 INFO [d2] UPGRADE base=0 succ=1 cur=1 / target=+5
2025-10-22 18:28:18,212 INFO [d2] แตะปุ่มอัปเกรด @(844,626)
2025-10-22 18:28:18,930 INFO [d2] stopping...
2025-10-22 18:28:21,299 INFO [d2] จับภาพ overlay_abs (ใช้เวลา 653ms)
2025-10-22 18:28:21,301 INFO [TONE] cold=0.374 hot=0.000 ใช้เวลา 0ms
2025-10-22 18:28:21,302 INFO [d2] โทนสีสรุปเบื้องต้น: success
2025-10-22 18:28:21,303 INFO [d2] ผลลัพธ์: สำเร็จ (+1) → success=2
2025-10-22 18:28:21,304 INFO [d2] heartbeat items=0 target=+5
2025-10-22 18:28:21,456 INFO [d2] loop exit (state=stopping)
2025-10-22 18:28:21,458 INFO [d2] stopped
2025-10-22 18:28:37,176 INFO [d2] start
2025-10-22 18:28:38,067 INFO [d2] loop start
2025-10-22 18:28:38,069 INFO [d2] stage=upgrade item_idx=0 target=+5 base=None succ=2
2025-10-22 18:28:38,070 INFO [d2] UPGRADE base=0 succ=2 cur=2 / target=+5
2025-10-22 18:28:38,072 INFO [d2] แตะปุ่มอัปเกรด @(844,626)
2025-10-22 18:28:41,452 INFO [d2] จับภาพ overlay_abs (ใช้เวลา 832ms)
2025-10-22 18:28:41,453 INFO [TONE] cold=0.373 hot=0.000 ใช้เวลา 0ms
2025-10-22 18:28:41,455 INFO [d2] โทนสีสรุปเบื้องต้น: success
2025-10-22 18:28:41,456 INFO [d2] ผลลัพธ์: สำเร็จ (+1) → success=3
2025-10-22 18:28:41,608 INFO [d2] stage=upgrade item_idx=0 target=+5 base=None succ=3
2025-10-22 18:28:41,609 INFO [d2] UPGRADE base=0 succ=3 cur=3 / target=+5
2025-10-22 18:28:41,610 INFO [d2] แตะปุ่มอัปเกรด @(844,626)
2025-10-22 18:28:44,763 INFO [d2] จับภาพ overlay_abs (ใช้เวลา 790ms)
2025-10-22 18:28:44,765 INFO [TONE] cold=0.365 hot=0.000 ใช้เวลา 0ms
2025-10-22 18:28:44,766 INFO [d2] โทนสีสรุปเบื้องต้น: success
2025-10-22 18:28:44,768 INFO [d2] ผลลัพธ์: สำเร็จ (+1) → success=4
2025-10-22 18:28:44,920 INFO [d2] stage=upgrade item_idx=0 target=+5 base=None succ=4
2025-10-22 18:28:44,921 INFO [d2] UPGRADE base=0 succ=4 cur=4 / target=+5
2025-10-22 18:28:44,922 INFO [d2] แตะปุ่มอัปเกรด @(844,626)
2025-10-22 18:28:47,995 INFO [d2] จับภาพ overlay_abs (ใช้เวลา 688ms)
2025-10-22 18:28:47,997 INFO [TONE] cold=0.360 hot=0.000 ใช้เวลา 0ms
2025-10-22 18:28:47,998 INFO [d2] โทนสีสรุปเบื้องต้น: success
2025-10-22 18:28:47,999 INFO [d2] ผลลัพธ์: สำเร็จ (+1) → success=5
2025-10-22 18:28:48,001 INFO [d2] heartbeat items=0 target=+5
2025-10-22 18:28:48,152 INFO [d2] stage=upgrade item_idx=0 target=+5 base=None succ=5
2025-10-22 18:28:48,154 INFO [d2] UPGRADE base=0 succ=5 cur=5 / target=+5
2025-10-22 18:28:48,155 INFO [d2] ถึงเป้าหมาย +5 แล้ว → นับสำเร็จ 1 ชิ้น และไปชิ้นถัดไป
2025-10-22 18:28:48,156 INFO [d2] heartbeat items=0 target=+5
2025-10-22 18:28:48,307 INFO [d2] stage=pick item_idx=1 target=+5 base=None succ=5
2025-10-22 18:28:48,308 INFO [d2] แตะไอเทม idx=1 @(345,170)
2025-10-22 18:28:50,652 INFO [d2] stage=inspect item_idx=1 target=+5 base=None succ=5
2025-10-22 18:28:50,854 INFO [d2] stage=inspect item_idx=1 target=+5 base=None succ=5
2025-10-22 18:28:51,642 INFO [d2] จับภาพสถานะ slot_status (ใช้เวลา 786ms)
2025-10-22 18:28:51,762 INFO [OCR] อ่านตัวเลขสถานะ: raw='' -> digits='' ใช้เวลา 118ms
2025-10-22 18:28:51,763 INFO [d2] OCR ระดับฐาน ปัจจุบันอ่านได้ n=None
2025-10-22 18:28:51,765 INFO [d2] ตัดสินใจ INSERT (n=None)
2025-10-22 18:28:51,766 INFO [d2] heartbeat items=0 target=+5
2025-10-22 18:28:51,918 INFO [d2] stage=insert item_idx=1 target=+5 base=None succ=5
2025-10-22 18:28:53,775 INFO [d2] insert_roi = (527, 537, 427, 132)
2025-10-22 18:28:55,284 INFO [INSERT] click at (645,607) thr=0.86 score=0.967 roi=(527,537,427,132)
2025-10-22 18:28:57,230 INFO [d2] heartbeat items=0 target=+5
2025-10-22 18:28:57,381 INFO [d2] stage=upgrade item_idx=1 target=+5 base=None succ=0
2025-10-22 18:28:57,382 INFO [d2] UPGRADE base=0 succ=0 cur=0 / target=+5
2025-10-22 18:28:57,383 INFO [d2] แตะปุ่มอัปเกรด @(844,626)
2025-10-22 18:29:00,215 INFO [d2] จับภาพ overlay_abs (ใช้เวลา 578ms)
2025-10-22 18:29:00,216 INFO [TONE] cold=0.066 hot=0.011 ใช้เวลา 0ms
2025-10-22 18:29:00,217 INFO [d2] โทนสีสรุปเบื้องต้น: success
2025-10-22 18:29:00,218 INFO [d2] ผลลัพธ์: สำเร็จ (+1) → success=1
2025-10-22 18:29:00,220 INFO [d2] heartbeat items=0 target=+5
2025-10-22 18:29:00,371 INFO [d2] stage=upgrade item_idx=1 target=+5 base=None succ=1
2025-10-22 18:29:00,373 INFO [d2] UPGRADE base=0 succ=1 cur=1 / target=+5
2025-10-22 18:29:00,374 INFO [d2] แตะปุ่มอัปเกรด @(844,626)
2025-10-22 18:29:03,313 INFO [d2] จับภาพ overlay_abs (ใช้เวลา 645ms)
2025-10-22 18:29:03,315 INFO [TONE] cold=0.276 hot=0.019 ใช้เวลา 0ms
2025-10-22 18:29:03,316 INFO [d2] โทนสีสรุปเบื้องต้น: success
2025-10-22 18:29:03,317 INFO [d2] ผลลัพธ์: สำเร็จ (+1) → success=2
2025-10-22 18:29:03,318 INFO [d2] heartbeat items=0 target=+5
2025-10-22 18:29:03,470 INFO [d2] stage=upgrade item_idx=1 target=+5 base=None succ=2
2025-10-22 18:29:03,471 INFO [d2] UPGRADE base=0 succ=2 cur=2 / target=+5
2025-10-22 18:29:03,473 INFO [d2] แตะปุ่มอัปเกรด @(844,626)
2025-10-22 18:29:06,476 INFO [d2] จับภาพ overlay_abs (ใช้เวลา 706ms)
2025-10-22 18:29:06,478 INFO [TONE] cold=0.069 hot=0.011 ใช้เวลา 0ms
2025-10-22 18:29:06,480 INFO [d2] โทนสีสรุปเบื้องต้น: success
2025-10-22 18:29:06,482 INFO [d2] ผลลัพธ์: สำเร็จ (+1) → success=3
2025-10-22 18:29:06,483 INFO [d2] heartbeat items=0 target=+5
2025-10-22 18:29:06,634 INFO [d2] stage=upgrade item_idx=1 target=+5 base=None succ=3
2025-10-22 18:29:06,636 INFO [d2] UPGRADE base=0 succ=3 cur=3 / target=+5
2025-10-22 18:29:06,637 INFO [d2] แตะปุ่มอัปเกรด @(844,626)
2025-10-22 18:29:09,703 INFO [d2] จับภาพ overlay_abs (ใช้เวลา 700ms)
2025-10-22 18:29:09,707 INFO [TONE] cold=0.849 hot=0.006 ใช้เวลา 0ms
2025-10-22 18:29:09,709 INFO [d2] โทนสีสรุปเบื้องต้น: success
2025-10-22 18:29:09,710 INFO [d2] ผลลัพธ์: สำเร็จ (+1) → success=4
2025-10-22 18:29:09,711 INFO [d2] heartbeat items=0 target=+5
2025-10-22 18:29:09,863 INFO [d2] stage=upgrade item_idx=1 target=+5 base=None succ=4
2025-10-22 18:29:09,865 INFO [d2] UPGRADE base=0 succ=4 cur=4 / target=+5
2025-10-22 18:29:09,866 INFO [d2] แตะปุ่มอัปเกรด @(844,626)
2025-10-22 18:29:12,683 INFO [d2] จับภาพ overlay_abs (ใช้เวลา 625ms)
2025-10-22 18:29:12,692 INFO [TONE] cold=0.266 hot=0.018 ใช้เวลา 0ms
2025-10-22 18:29:12,697 INFO [d2] โทนสีสรุปเบื้องต้น: success
2025-10-22 18:29:12,701 INFO [d2] ผลลัพธ์: สำเร็จ (+1) → success=5
2025-10-22 18:29:12,706 INFO [d2] heartbeat items=0 target=+5
2025-10-22 18:29:12,861 INFO [d2] stage=upgrade item_idx=1 target=+5 base=None succ=5
2025-10-22 18:29:12,863 INFO [d2] UPGRADE base=0 succ=5 cur=5 / target=+5
2025-10-22 18:29:12,864 INFO [d2] ถึงเป้าหมาย +5 แล้ว → นับสำเร็จ 1 ชิ้น และไปชิ้นถัดไป
2025-10-22 18:29:12,865 INFO [d2] heartbeat items=0 target=+5
2025-10-22 18:29:13,016 INFO [d2] stage=pick item_idx=2 target=+5 base=None succ=5
2025-10-22 18:29:13,018 INFO [d2] แตะไอเทม idx=2 @(405,170)
2025-10-22 18:29:15,024 INFO [d2] heartbeat items=0 target=+5
2025-10-22 18:29:15,175 INFO [d2] stage=inspect item_idx=2 target=+5 base=None succ=5
2025-10-22 18:29:15,227 INFO [d2] heartbeat items=0 target=+5
2025-10-22 18:29:15,378 INFO [d2] stage=inspect item_idx=2 target=+5 base=None succ=5
2025-10-22 18:29:16,026 INFO [d2] จับภาพสถานะ slot_status (ใช้เวลา 646ms)
2025-10-22 18:29:16,130 INFO [OCR] อ่านตัวเลขสถานะ: raw='' -> digits='' ใช้เวลา 102ms
2025-10-22 18:29:16,132 INFO [d2] OCR ระดับฐาน ปัจจุบันอ่านได้ n=None
2025-10-22 18:29:16,133 INFO [d2] ตัดสินใจ INSERT (n=None)
2025-10-22 18:29:16,285 INFO [d2] stage=insert item_idx=2 target=+5 base=None succ=5
2025-10-22 18:29:18,181 INFO [d2] insert_roi = (527, 537, 427, 132)
2025-10-22 18:29:19,743 WARNING [INSERT] หา/กดปุ่ม 'ใส่ลง' ไม่เจอใน ROI
2025-10-22 18:29:19,744 WARNING [d2] CV insert ไม่เจอ -> fallback แตะ slot_center @(849,327)
2025-10-22 18:29:21,865 INFO [d2] heartbeat items=0 target=+5
2025-10-22 18:29:22,016 INFO [d2] stage=upgrade item_idx=2 target=+5 base=None succ=0
2025-10-22 18:29:22,018 INFO [d2] UPGRADE base=0 succ=0 cur=0 / target=+5
2025-10-22 18:29:22,019 INFO [d2] แตะปุ่มอัปเกรด @(844,626)
2025-10-22 18:29:25,066 INFO [d2] จับภาพ overlay_abs (ใช้เวลา 605ms)
2025-10-22 18:29:25,067 INFO [TONE] cold=0.062 hot=0.011 ใช้เวลา 0ms
2025-10-22 18:29:25,068 INFO [d2] โทนสีสรุปเบื้องต้น: success
2025-10-22 18:29:25,069 INFO [d2] ผลลัพธ์: สำเร็จ (+1) → success=1
2025-10-22 18:29:25,220 INFO [d2] stage=upgrade item_idx=2 target=+5 base=None succ=1
2025-10-22 18:29:25,222 INFO [d2] UPGRADE base=0 succ=1 cur=1 / target=+5
2025-10-22 18:29:25,224 INFO [d2] แตะปุ่มอัปเกรด @(844,626)
2025-10-22 18:29:28,134 INFO [d2] จับภาพ overlay_abs (ใช้เวลา 562ms)
2025-10-22 18:29:28,136 INFO [TONE] cold=0.121 hot=0.013 ใช้เวลา 0ms
2025-10-22 18:29:28,138 INFO [d2] โทนสีสรุปเบื้องต้น: success
2025-10-22 18:29:28,139 INFO [d2] ผลลัพธ์: สำเร็จ (+1) → success=2
2025-10-22 18:29:28,290 INFO [d2] stage=upgrade item_idx=2 target=+5 base=None succ=2
2025-10-22 18:29:28,292 INFO [d2] UPGRADE base=0 succ=2 cur=2 / target=+5
2025-10-22 18:29:28,293 INFO [d2] แตะปุ่มอัปเกรด @(844,626)
2025-10-22 18:29:31,165 INFO [d2] จับภาพ overlay_abs (ใช้เวลา 572ms)
2025-10-22 18:29:31,167 INFO [TONE] cold=0.063 hot=0.011 ใช้เวลา 0ms
2025-10-22 18:29:31,169 INFO [d2] โทนสีสรุปเบื้องต้น: success
2025-10-22 18:29:31,171 INFO [d2] ผลลัพธ์: สำเร็จ (+1) → success=3
2025-10-22 18:29:31,323 INFO [d2] stage=upgrade item_idx=2 target=+5 base=None succ=3
2025-10-22 18:29:31,325 INFO [d2] UPGRADE base=0 succ=3 cur=3 / target=+5
2025-10-22 18:29:31,326 INFO [d2] แตะปุ่มอัปเกรด @(844,626)
2025-10-22 18:29:34,236 INFO [d2] จับภาพ overlay_abs (ใช้เวลา 592ms)
2025-10-22 18:29:34,238 INFO [TONE] cold=0.123 hot=0.013 ใช้เวลา 0ms
2025-10-22 18:29:34,240 INFO [d2] โทนสีสรุปเบื้องต้น: success
2025-10-22 18:29:34,241 INFO [d2] ผลลัพธ์: สำเร็จ (+1) → success=4
2025-10-22 18:29:34,392 INFO [d2] stage=upgrade item_idx=2 target=+5 base=None succ=4
2025-10-22 18:29:34,393 INFO [d2] UPGRADE base=0 succ=4 cur=4 / target=+5
2025-10-22 18:29:34,394 INFO [d2] แตะปุ่มอัปเกรด @(844,626)
2025-10-22 18:29:37,386 INFO [d2] จับภาพ overlay_abs (ใช้เวลา 687ms)
2025-10-22 18:29:37,388 INFO [TONE] cold=0.064 hot=0.011 ใช้เวลา 0ms
2025-10-22 18:29:37,389 INFO [d2] โทนสีสรุปเบื้องต้น: success
2025-10-22 18:29:37,390 INFO [d2] ผลลัพธ์: สำเร็จ (+1) → success=5
2025-10-22 18:29:37,542 INFO [d2] stage=upgrade item_idx=2 target=+5 base=None succ=5
2025-10-22 18:29:37,544 INFO [d2] UPGRADE base=0 succ=5 cur=5 / target=+5
2025-10-22 18:29:37,545 INFO [d2] ถึงเป้าหมาย +5 แล้ว → นับสำเร็จ 1 ชิ้น และไปชิ้นถัดไป
2025-10-22 18:29:37,696 INFO [d2] stage=pick item_idx=3 target=+5 base=None succ=5
2025-10-22 18:29:37,697 INFO [d2] แตะไอเทม idx=3 @(465,170)
2025-10-22 18:29:39,812 INFO [d2] heartbeat items=0 target=+5
2025-10-22 18:29:39,963 INFO [d2] stage=inspect item_idx=3 target=+5 base=None succ=5
2025-10-22 18:29:40,165 INFO [d2] stage=inspect item_idx=3 target=+5 base=None succ=5
2025-10-22 18:29:40,840 INFO [d2] จับภาพสถานะ slot_status (ใช้เวลา 673ms)
2025-10-22 18:29:40,944 INFO [OCR] อ่านตัวเลขสถานะ: raw='' -> digits='' ใช้เวลา 102ms
2025-10-22 18:29:40,945 INFO [d2] OCR ระดับฐาน ปัจจุบันอ่านได้ n=None
2025-10-22 18:29:40,947 INFO [d2] ตัดสินใจ INSERT (n=None)
2025-10-22 18:29:41,098 INFO [d2] stage=insert item_idx=3 target=+5 base=None succ=5
2025-10-22 18:29:42,942 INFO [d2] insert_roi = (527, 537, 427, 132)
2025-10-22 18:29:44,322 WARNING [INSERT] หา/กดปุ่ม 'ใส่ลง' ไม่เจอใน ROI
2025-10-22 18:29:44,323 WARNING [d2] CV insert ไม่เจอ -> fallback แตะ slot_center @(849,327)
2025-10-22 18:29:46,517 INFO [d2] stage=upgrade item_idx=3 target=+5 base=None succ=0
2025-10-22 18:29:46,519 INFO [d2] UPGRADE base=0 succ=0 cur=0 / target=+5
2025-10-22 18:29:46,520 INFO [d2] แตะปุ่มอัปเกรด @(844,626)
2025-10-22 18:29:49,398 INFO [d2] จับภาพ overlay_abs (ใช้เวลา 589ms)
2025-10-22 18:29:49,400 INFO [TONE] cold=0.033 hot=0.016 ใช้เวลา 0ms
2025-10-22 18:29:49,402 INFO [d2] โทนสีสรุปเบื้องต้น: success
2025-10-22 18:29:49,403 INFO [d2] ผลลัพธ์: สำเร็จ (+1) → success=1
2025-10-22 18:29:49,554 INFO [d2] stage=upgrade item_idx=3 target=+5 base=None succ=1
2025-10-22 18:29:49,556 INFO [d2] UPGRADE base=0 succ=1 cur=1 / target=+5
2025-10-22 18:29:49,557 INFO [d2] แตะปุ่มอัปเกรด @(844,626)
2025-10-22 18:29:52,396 INFO [d2] จับภาพ overlay_abs (ใช้เวลา 603ms)
2025-10-22 18:29:52,398 INFO [TONE] cold=0.374 hot=0.000 ใช้เวลา 0ms
2025-10-22 18:29:52,399 INFO [d2] โทนสีสรุปเบื้องต้น: success
2025-10-22 18:29:52,400 INFO [d2] ผลลัพธ์: สำเร็จ (+1) → success=2
2025-10-22 18:29:52,551 INFO [d2] stage=upgrade item_idx=3 target=+5 base=None succ=2
2025-10-22 18:29:52,553 INFO [d2] UPGRADE base=0 succ=2 cur=2 / target=+5
2025-10-22 18:29:52,555 INFO [d2] แตะปุ่มอัปเกรด @(844,626)
2025-10-22 18:29:55,600 INFO [d2] จับภาพ overlay_abs (ใช้เวลา 596ms)
2025-10-22 18:29:55,602 INFO [TONE] cold=0.363 hot=0.000 ใช้เวลา 0ms
2025-10-22 18:29:55,603 INFO [d2] โทนสีสรุปเบื้องต้น: success
2025-10-22 18:29:55,604 INFO [d2] ผลลัพธ์: สำเร็จ (+1) → success=3
2025-10-22 18:29:55,756 INFO [d2] stage=upgrade item_idx=3 target=+5 base=None succ=3
2025-10-22 18:29:55,758 INFO [d2] UPGRADE base=0 succ=3 cur=3 / target=+5
2025-10-22 18:29:55,759 INFO [d2] แตะปุ่มอัปเกรด @(844,626)
2025-10-22 18:29:58,575 INFO [d2] จับภาพ overlay_abs (ใช้เวลา 641ms)
2025-10-22 18:29:58,577 INFO [TONE] cold=0.367 hot=0.000 ใช้เวลา 0ms
2025-10-22 18:29:58,578 INFO [d2] โทนสีสรุปเบื้องต้น: success
2025-10-22 18:29:58,580 INFO [d2] ผลลัพธ์: สำเร็จ (+1) → success=4
2025-10-22 18:29:58,731 INFO [d2] stage=upgrade item_idx=3 target=+5 base=None succ=4
2025-10-22 18:29:58,733 INFO [d2] UPGRADE base=0 succ=4 cur=4 / target=+5
2025-10-22 18:29:58,734 INFO [d2] แตะปุ่มอัปเกรด @(844,626)
2025-10-22 18:30:01,674 INFO [d2] จับภาพ overlay_abs (ใช้เวลา 649ms)
2025-10-22 18:30:01,676 INFO [TONE] cold=0.363 hot=0.000 ใช้เวลา 0ms
2025-10-22 18:30:01,677 INFO [d2] โทนสีสรุปเบื้องต้น: success
2025-10-22 18:30:01,678 INFO [d2] ผลลัพธ์: สำเร็จ (+1) → success=5
2025-10-22 18:30:01,829 INFO [d2] stage=upgrade item_idx=3 target=+5 base=None succ=5
2025-10-22 18:30:01,831 INFO [d2] UPGRADE base=0 succ=5 cur=5 / target=+5
2025-10-22 18:30:01,832 INFO [d2] ถึงเป้าหมาย +5 แล้ว → นับสำเร็จ 1 ชิ้น และไปชิ้นถัดไป
2025-10-22 18:30:01,983 INFO [d2] stage=pick item_idx=4 target=+5 base=None succ=5
2025-10-22 18:30:01,985 INFO [d2] แตะไอเทม idx=4 @(525,170)
2025-10-22 18:30:03,928 INFO [d2] heartbeat items=0 target=+5
2025-10-22 18:30:04,079 INFO [d2] stage=inspect item_idx=4 target=+5 base=None succ=5
2025-10-22 18:30:04,281 INFO [d2] stage=inspect item_idx=4 target=+5 base=None succ=5
2025-10-22 18:30:04,912 INFO [d2] จับภาพสถานะ slot_status (ใช้เวลา 629ms)
2025-10-22 18:30:05,032 INFO [OCR] อ่านตัวเลขสถานะ: raw='' -> digits='' ใช้เวลา 118ms
2025-10-22 18:30:05,034 INFO [d2] OCR ระดับฐาน ปัจจุบันอ่านได้ n=None
2025-10-22 18:30:05,036 INFO [d2] ตัดสินใจ INSERT (n=None)
2025-10-22 18:30:05,187 INFO [d2] stage=insert item_idx=4 target=+5 base=None succ=5
2025-10-22 18:30:07,138 INFO [d2] insert_roi = (527, 537, 427, 132)
2025-10-22 18:30:08,578 INFO [INSERT] click at (829,607) thr=0.86 score=0.962 roi=(527,537,427,132)
2025-10-22 18:30:10,699 INFO [d2] stage=upgrade item_idx=4 target=+5 base=None succ=0
2025-10-22 18:30:10,700 INFO [d2] UPGRADE base=0 succ=0 cur=0 / target=+5
2025-10-22 18:30:10,701 INFO [d2] แตะปุ่มอัปเกรด @(844,626)
2025-10-22 18:30:13,674 INFO [d2] จับภาพ overlay_abs (ใช้เวลา 725ms)
2025-10-22 18:30:13,675 INFO [TONE] cold=0.269 hot=0.019 ใช้เวลา 0ms
2025-10-22 18:30:13,677 INFO [d2] โทนสีสรุปเบื้องต้น: success
2025-10-22 18:30:13,677 INFO [d2] ผลลัพธ์: สำเร็จ (+1) → success=1
2025-10-22 18:30:13,829 INFO [d2] stage=upgrade item_idx=4 target=+5 base=None succ=1
2025-10-22 18:30:13,831 INFO [d2] UPGRADE base=0 succ=1 cur=1 / target=+5
2025-10-22 18:30:13,832 INFO [d2] แตะปุ่มอัปเกรด @(844,626)
2025-10-22 18:30:16,730 INFO [d2] จับภาพ overlay_abs (ใช้เวลา 613ms)
2025-10-22 18:30:16,732 INFO [TONE] cold=0.265 hot=0.018 ใช้เวลา 0ms
2025-10-22 18:30:16,734 INFO [d2] โทนสีสรุปเบื้องต้น: success
2025-10-22 18:30:16,736 INFO [d2] ผลลัพธ์: สำเร็จ (+1) → success=2
2025-10-22 18:30:16,889 INFO [d2] stage=upgrade item_idx=4 target=+5 base=None succ=2
2025-10-22 18:30:16,890 INFO [d2] UPGRADE base=0 succ=2 cur=2 / target=+5
2025-10-22 18:30:16,892 INFO [d2] แตะปุ่มอัปเกรด @(844,626)
2025-10-22 18:30:20,110 INFO [d2] จับภาพ overlay_abs (ใช้เวลา 842ms)
2025-10-22 18:30:20,112 INFO [TONE] cold=0.264 hot=0.019 ใช้เวลา 0ms
2025-10-22 18:30:20,113 INFO [d2] โทนสีสรุปเบื้องต้น: success
2025-10-22 18:30:20,114 INFO [d2] ผลลัพธ์: สำเร็จ (+1) → success=3
2025-10-22 18:30:20,266 INFO [d2] stage=upgrade item_idx=4 target=+5 base=None succ=3
2025-10-22 18:30:20,267 INFO [d2] UPGRADE base=0 succ=3 cur=3 / target=+5
2025-10-22 18:30:20,268 INFO [d2] แตะปุ่มอัปเกรด @(844,626)
2025-10-22 18:30:23,343 INFO [d2] จับภาพ overlay_abs (ใช้เวลา 710ms)
2025-10-22 18:30:23,345 INFO [TONE] cold=0.275 hot=0.019 ใช้เวลา 0ms
2025-10-22 18:30:23,346 INFO [d2] โทนสีสรุปเบื้องต้น: success
2025-10-22 18:30:23,348 INFO [d2] ผลลัพธ์: สำเร็จ (+1) → success=4
2025-10-22 18:30:23,499 INFO [d2] stage=upgrade item_idx=4 target=+5 base=None succ=4
2025-10-22 18:30:23,500 INFO [d2] UPGRADE base=0 succ=4 cur=4 / target=+5
2025-10-22 18:30:23,502 INFO [d2] แตะปุ่มอัปเกรด @(844,626)
2025-10-22 18:30:26,538 INFO [d2] จับภาพ overlay_abs (ใช้เวลา 632ms)
2025-10-22 18:30:26,539 INFO [TONE] cold=0.269 hot=0.019 ใช้เวลา 0ms
2025-10-22 18:30:26,541 INFO [d2] โทนสีสรุปเบื้องต้น: success
2025-10-22 18:30:26,542 INFO [d2] ผลลัพธ์: สำเร็จ (+1) → success=5
2025-10-22 18:30:26,694 INFO [d2] stage=upgrade item_idx=4 target=+5 base=None succ=5
2025-10-22 18:30:26,695 INFO [d2] UPGRADE base=0 succ=5 cur=5 / target=+5
2025-10-22 18:30:26,696 INFO [d2] ถึงเป้าหมาย +5 แล้ว → นับสำเร็จ 1 ชิ้น และไปชิ้นถัดไป
2025-10-22 18:30:26,847 INFO [d2] stage=pick item_idx=5 target=+5 base=None succ=5
2025-10-22 18:30:26,849 INFO [d2] แตะไอเทม idx=5 @(585,170)
2025-10-22 18:30:29,002 INFO [d2] stage=inspect item_idx=5 target=+5 base=None succ=5
2025-10-22 18:30:29,204 INFO [d2] stage=inspect item_idx=5 target=+5 base=None succ=5
2025-10-22 18:30:29,914 INFO [d2] จับภาพสถานะ slot_status (ใช้เวลา 708ms)
2025-10-22 18:30:30,027 INFO [OCR] อ่านตัวเลขสถานะ: raw='7' -> digits='7' ใช้เวลา 112ms
2025-10-22 18:30:30,029 INFO [d2] OCR ระดับฐาน ปัจจุบันอ่านได้ n=7
2025-10-22 18:30:30,030 INFO [d2] ข้ามไอเทมนี้ (n=7 >= 5) → ไปชิ้นถัดไป
2025-10-22 18:30:30,031 INFO [d2] เลื่อนถาด x=270 y=220 dy=-75 ms=800
2025-10-22 18:30:33,025 INFO [d2] stage=pick item_idx=6 target=+5 base=7 succ=5
2025-10-22 18:30:33,026 INFO [d2] แตะไอเทม idx=0 @(285,170)
2025-10-22 18:30:35,419 INFO [d2] stage=inspect item_idx=6 target=+5 base=7 succ=5
2025-10-22 18:30:35,620 INFO [d2] stage=inspect item_idx=6 target=+5 base=7 succ=5
2025-10-22 18:30:36,187 INFO [d2] จับภาพสถานะ slot_status (ใช้เวลา 564ms)
2025-10-22 18:30:36,291 INFO [OCR] อ่านตัวเลขสถานะ: raw='' -> digits='' ใช้เวลา 102ms
2025-10-22 18:30:36,292 INFO [d2] OCR ระดับฐาน ปัจจุบันอ่านได้ n=None
2025-10-22 18:30:36,293 INFO [d2] ตัดสินใจ INSERT (n=None)
2025-10-22 18:30:36,294 INFO [d2] heartbeat items=0 target=+5
2025-10-22 18:30:36,446 INFO [d2] stage=insert item_idx=6 target=+5 base=None succ=5
2025-10-22 18:30:38,526 INFO [d2] insert_roi = (527, 537, 427, 132)
2025-10-22 18:30:40,047 WARNING [INSERT] หา/กดปุ่ม 'ใส่ลง' ไม่เจอใน ROI
2025-10-22 18:30:40,048 WARNING [d2] CV insert ไม่เจอ -> fallback แตะ slot_center @(849,327)
2025-10-22 18:30:42,134 INFO [d2] heartbeat items=0 target=+6
2025-10-22 18:30:42,285 INFO [d2] stage=upgrade item_idx=6 target=+6 base=None succ=0
2025-10-22 18:30:42,287 INFO [d2] UPGRADE base=0 succ=0 cur=0 / target=+6
2025-10-22 18:30:42,288 INFO [d2] แตะปุ่มอัปเกรด @(844,626)
2025-10-22 18:30:45,190 INFO [d2] จับภาพ overlay_abs (ใช้เวลา 654ms)
2025-10-22 18:30:45,192 INFO [TONE] cold=0.363 hot=0.000 ใช้เวลา 0ms
2025-10-22 18:30:45,193 INFO [d2] โทนสีสรุปเบื้องต้น: success
2025-10-22 18:30:45,194 INFO [d2] ผลลัพธ์: สำเร็จ (+1) → success=1
2025-10-22 18:30:45,195 INFO [d2] heartbeat items=0 target=+6
2025-10-22 18:30:45,346 INFO [d2] stage=upgrade item_idx=6 target=+6 base=None succ=1
2025-10-22 18:30:45,348 INFO [d2] UPGRADE base=0 succ=1 cur=1 / target=+6
2025-10-22 18:30:45,349 INFO [d2] แตะปุ่มอัปเกรด @(844,626)
2025-10-22 18:30:48,484 INFO [d2] จับภาพ overlay_abs (ใช้เวลา 681ms)
2025-10-22 18:30:48,486 INFO [TONE] cold=0.373 hot=0.000 ใช้เวลา 0ms
2025-10-22 18:30:48,488 INFO [d2] โทนสีสรุปเบื้องต้น: success
2025-10-22 18:30:48,489 INFO [d2] ผลลัพธ์: สำเร็จ (+1) → success=2
2025-10-22 18:30:48,491 INFO [d2] heartbeat items=0 target=+6
2025-10-22 18:30:48,642 INFO [d2] stage=upgrade item_idx=6 target=+6 base=None succ=2
2025-10-22 18:30:48,643 INFO [d2] UPGRADE base=0 succ=2 cur=2 / target=+6
2025-10-22 18:30:48,644 INFO [d2] แตะปุ่มอัปเกรด @(844,626)
2025-10-22 18:30:51,784 INFO [d2] จับภาพ overlay_abs (ใช้เวลา 651ms)
2025-10-22 18:30:51,786 INFO [TONE] cold=0.362 hot=0.000 ใช้เวลา 0ms
2025-10-22 18:30:51,787 INFO [d2] โทนสีสรุปเบื้องต้น: success
2025-10-22 18:30:51,788 INFO [d2] ผลลัพธ์: สำเร็จ (+1) → success=3
2025-10-22 18:30:51,790 INFO [d2] heartbeat items=0 target=+6
2025-10-22 18:30:51,941 INFO [d2] stage=upgrade item_idx=6 target=+6 base=None succ=3
2025-10-22 18:30:51,942 INFO [d2] UPGRADE base=0 succ=3 cur=3 / target=+6
2025-10-22 18:30:51,943 INFO [d2] แตะปุ่มอัปเกรด @(844,626)
2025-10-22 18:30:55,036 INFO [d2] จับภาพ overlay_abs (ใช้เวลา 595ms)
2025-10-22 18:30:55,038 INFO [TONE] cold=0.362 hot=0.000 ใช้เวลา 0ms
2025-10-22 18:30:55,039 INFO [d2] โทนสีสรุปเบื้องต้น: success
2025-10-22 18:30:55,041 INFO [d2] ผลลัพธ์: สำเร็จ (+1) → success=4
2025-10-22 18:30:55,193 INFO [d2] stage=upgrade item_idx=6 target=+6 base=None succ=4
2025-10-22 18:30:55,194 INFO [d2] UPGRADE base=0 succ=4 cur=4 / target=+6
2025-10-22 18:30:55,195 INFO [d2] แตะปุ่มอัปเกรด @(844,626)
2025-10-22 18:30:58,292 INFO [d2] จับภาพ overlay_abs (ใช้เวลา 580ms)
2025-10-22 18:30:58,294 INFO [TONE] cold=0.374 hot=0.000 ใช้เวลา 0ms
2025-10-22 18:30:58,295 INFO [d2] โทนสีสรุปเบื้องต้น: success
2025-10-22 18:30:58,296 INFO [d2] ผลลัพธ์: สำเร็จ (+1) → success=5
2025-10-22 18:30:58,447 INFO [d2] stage=upgrade item_idx=6 target=+6 base=None succ=5
2025-10-22 18:30:58,449 INFO [d2] UPGRADE base=0 succ=5 cur=5 / target=+6
2025-10-22 18:30:58,450 INFO [d2] แตะปุ่มอัปเกรด @(844,626)
2025-10-22 18:31:01,385 INFO [d2] จับภาพ overlay_abs (ใช้เวลา 591ms)
2025-10-22 18:31:01,387 INFO [TONE] cold=0.374 hot=0.000 ใช้เวลา 0ms
2025-10-22 18:31:01,388 INFO [d2] โทนสีสรุปเบื้องต้น: success
2025-10-22 18:31:01,389 INFO [d2] ผลลัพธ์: สำเร็จ (+1) → success=6
2025-10-22 18:31:01,541 INFO [d2] stage=upgrade item_idx=6 target=+6 base=None succ=6
2025-10-22 18:31:01,543 INFO [d2] UPGRADE base=0 succ=6 cur=6 / target=+6
2025-10-22 18:31:01,544 INFO [d2] ถึงเป้าหมาย +6 แล้ว → นับสำเร็จ 1 ชิ้น และไปชิ้นถัดไป
2025-10-22 18:31:01,695 INFO [d2] stage=pick item_idx=7 target=+6 base=None succ=6
2025-10-22 18:31:01,696 INFO [d2] แตะไอเทม idx=1 @(345,170)
2025-10-22 18:31:03,621 INFO [d2] heartbeat items=0 target=+6
2025-10-22 18:31:03,772 INFO [d2] stage=inspect item_idx=7 target=+6 base=None succ=6
2025-10-22 18:31:03,824 INFO [d2] heartbeat items=0 target=+6
2025-10-22 18:31:03,976 INFO [d2] stage=inspect item_idx=7 target=+6 base=None succ=6
2025-10-22 18:31:04,639 INFO [d2] จับภาพสถานะ slot_status (ใช้เวลา 662ms)
2025-10-22 18:31:04,752 INFO [OCR] อ่านตัวเลขสถานะ: raw='' -> digits='' ใช้เวลา 110ms
2025-10-22 18:31:04,753 INFO [d2] OCR ระดับฐาน ปัจจุบันอ่านได้ n=None
2025-10-22 18:31:04,755 INFO [d2] ตัดสินใจ INSERT (n=None)
2025-10-22 18:31:04,906 INFO [d2] stage=insert item_idx=7 target=+6 base=None succ=6
2025-10-22 18:31:06,948 INFO [d2] insert_roi = (527, 537, 427, 132)
2025-10-22 18:31:08,335 WARNING [INSERT] หา/กดปุ่ม 'ใส่ลง' ไม่เจอใน ROI
2025-10-22 18:31:08,336 WARNING [d2] CV insert ไม่เจอ -> fallback แตะ slot_center @(849,327)
2025-10-22 18:31:10,563 INFO [d2] stage=upgrade item_idx=7 target=+6 base=None succ=0
2025-10-22 18:31:10,564 INFO [d2] UPGRADE base=0 succ=0 cur=0 / target=+6
2025-10-22 18:31:10,565 INFO [d2] แตะปุ่มอัปเกรด @(844,626)
2025-10-22 18:31:13,566 INFO [d2] จับภาพ overlay_abs (ใช้เวลา 672ms)
2025-10-22 18:31:13,568 INFO [TONE] cold=0.366 hot=0.000 ใช้เวลา 0ms
2025-10-22 18:31:13,570 INFO [d2] โทนสีสรุปเบื้องต้น: success
2025-10-22 18:31:13,571 INFO [d2] ผลลัพธ์: สำเร็จ (+1) → success=1
2025-10-22 18:31:13,723 INFO [d2] stage=upgrade item_idx=7 target=+6 base=None succ=1
2025-10-22 18:31:13,724 INFO [d2] UPGRADE base=0 succ=1 cur=1 / target=+6
2025-10-22 18:31:13,726 INFO [d2] แตะปุ่มอัปเกรด @(844,626)
2025-10-22 18:31:16,557 INFO [d2] จับภาพ overlay_abs (ใช้เวลา 542ms)
2025-10-22 18:31:16,559 INFO [TONE] cold=0.363 hot=0.000 ใช้เวลา 0ms
2025-10-22 18:31:16,560 INFO [d2] โทนสีสรุปเบื้องต้น: success
2025-10-22 18:31:16,561 INFO [d2] ผลลัพธ์: สำเร็จ (+1) → success=2
2025-10-22 18:31:16,713 INFO [d2] stage=upgrade item_idx=7 target=+6 base=None succ=2
2025-10-22 18:31:16,714 INFO [d2] UPGRADE base=0 succ=2 cur=2 / target=+6
2025-10-22 18:31:16,715 INFO [d2] แตะปุ่มอัปเกรด @(844,626)
2025-10-22 18:31:19,597 INFO [d2] จับภาพ overlay_abs (ใช้เวลา 577ms)
2025-10-22 18:31:19,599 INFO [TONE] cold=0.363 hot=0.000 ใช้เวลา 0ms
2025-10-22 18:31:19,600 INFO [d2] โทนสีสรุปเบื้องต้น: success
2025-10-22 18:31:19,602 INFO [d2] ผลลัพธ์: สำเร็จ (+1) → success=3
2025-10-22 18:31:19,753 INFO [d2] stage=upgrade item_idx=7 target=+6 base=None succ=3
2025-10-22 18:31:19,755 INFO [d2] UPGRADE base=0 succ=3 cur=3 / target=+6
2025-10-22 18:31:19,756 INFO [d2] แตะปุ่มอัปเกรด @(844,626)
2025-10-22 18:31:22,767 INFO [d2] จับภาพ overlay_abs (ใช้เวลา 595ms)
2025-10-22 18:31:22,770 INFO [TONE] cold=0.362 hot=0.000 ใช้เวลา 0ms
2025-10-22 18:31:22,771 INFO [d2] โทนสีสรุปเบื้องต้น: success
2025-10-22 18:31:22,773 INFO [d2] ผลลัพธ์: สำเร็จ (+1) → success=4
2025-10-22 18:31:22,924 INFO [d2] stage=upgrade item_idx=7 target=+6 base=None succ=4
2025-10-22 18:31:22,926 INFO [d2] UPGRADE base=0 succ=4 cur=4 / target=+6
2025-10-22 18:31:22,927 INFO [d2] แตะปุ่มอัปเกรด @(844,626)
2025-10-22 18:31:26,052 INFO [d2] จับภาพ overlay_abs (ใช้เวลา 803ms)
2025-10-22 18:31:26,054 INFO [TONE] cold=0.361 hot=0.000 ใช้เวลา 0ms
2025-10-22 18:31:26,055 INFO [d2] โทนสีสรุปเบื้องต้น: success
2025-10-22 18:31:26,056 INFO [d2] ผลลัพธ์: สำเร็จ (+1) → success=5
2025-10-22 18:31:26,207 INFO [d2] stage=upgrade item_idx=7 target=+6 base=None succ=5
2025-10-22 18:31:26,208 INFO [d2] UPGRADE base=0 succ=5 cur=5 / target=+6
2025-10-22 18:31:26,209 INFO [d2] แตะปุ่มอัปเกรด @(844,626)
2025-10-22 18:31:29,081 INFO [d2] จับภาพ overlay_abs (ใช้เวลา 548ms)
2025-10-22 18:31:29,083 INFO [TONE] cold=0.365 hot=0.000 ใช้เวลา 0ms
2025-10-22 18:31:29,084 INFO [d2] โทนสีสรุปเบื้องต้น: success
2025-10-22 18:31:29,086 INFO [d2] ผลลัพธ์: สำเร็จ (+1) → success=6
2025-10-22 18:31:29,237 INFO [d2] stage=upgrade item_idx=7 target=+6 base=None succ=6
2025-10-22 18:31:29,239 INFO [d2] UPGRADE base=0 succ=6 cur=6 / target=+6
2025-10-22 18:31:29,240 INFO [d2] ถึงเป้าหมาย +6 แล้ว → นับสำเร็จ 1 ชิ้น และไปชิ้นถัดไป
2025-10-22 18:31:29,392 INFO [d2] stage=pick item_idx=8 target=+6 base=None succ=6
2025-10-22 18:31:29,394 INFO [d2] แตะไอเทม idx=2 @(405,170)
2025-10-22 18:31:31,698 INFO [d2] stage=inspect item_idx=8 target=+6 base=None succ=6
2025-10-22 18:31:31,899 INFO [d2] stage=inspect item_idx=8 target=+6 base=None succ=6
2025-10-22 18:31:32,579 INFO [d2] จับภาพสถานะ slot_status (ใช้เวลา 678ms)
2025-10-22 18:31:32,677 INFO [OCR] อ่านตัวเลขสถานะ: raw='5' -> digits='5' ใช้เวลา 96ms
2025-10-22 18:31:32,679 INFO [d2] OCR ระดับฐาน ปัจจุบันอ่านได้ n=5
2025-10-22 18:31:32,681 INFO [d2] ข้ามไอเทมนี้ (n=5 >= 5) → ไปชิ้นถัดไป
2025-10-22 18:31:32,832 INFO [d2] stage=pick item_idx=9 target=+6 base=5 succ=6
2025-10-22 18:31:32,834 INFO [d2] แตะไอเทม idx=3 @(465,170)
2025-10-22 18:41:33,342 INFO === BOOT OK / logger stdout test ===
2025-10-22 18:41:45,548 INFO [d2] start
2025-10-22 18:41:46,525 INFO [d2] loop start
2025-10-22 18:41:46,526 INFO [d2] เริ่มคอนเท็กซ์ใหม่ stage=pick item_idx=0
2025-10-22 18:41:46,527 INFO [d2] CFG slot_center=(849, 327)
2025-10-22 18:41:46,528 INFO [d2] CFG slot_status_roi=(x1=385,y1=158,w=403,h=63)
2025-10-22 18:41:46,529 INFO [d2] CFG slot_roi_size=[69,68]
2025-10-22 18:41:46,530 INFO [d2] CFG upgrade_btn=(844, 626)
2025-10-22 18:41:46,531 INFO [d2] CFG overlay_abs=(x1=710,y1=237,w=279,h=160)
2025-10-22 18:41:46,532 INFO [d2] CFG insert_roi=(x1=522,y1=524,w=427,h=132)
2025-10-22 18:41:46,533 INFO [d2] CFG items(len)=6 sample=[(285, 170), (345, 170), (405, 170), (465, 170), (525, 170), (585, 170)]
2025-10-22 18:41:46,534 INFO [d2] CFG swipe={'x': 270, 'y': 220, 'dy': -75, 'ms': 800}
2025-10-22 18:41:46,535 INFO [d2] stage=pick item_idx=0 target=+6 base=None succ=0
2025-10-22 18:41:46,536 INFO [d2] แตะไอเทม idx=0 @(285,170)
2025-10-22 18:41:48,715 INFO [d2] heartbeat items=0 target=+6
2025-10-22 18:41:48,867 INFO [d2] stage=inspect item_idx=0 target=+6 base=None succ=0
2025-10-22 18:41:48,915 INFO [d2] heartbeat items=0 target=+6
2025-10-22 18:41:49,067 INFO [d2] stage=inspect item_idx=0 target=+6 base=None succ=0
2025-10-22 18:41:49,905 INFO [OCR ก่อนใส่ลง] text='' → ระดับในวงเล็บ = None (roi 385,158,403x63)
2025-10-22 18:41:49,906 INFO [d2] ตัดสินใจ INSERT (level=None)
2025-10-22 18:41:50,058 INFO [d2] stage=insert item_idx=0 target=+6 base=None succ=0
2025-10-22 18:41:50,059 INFO [d2] INSERT: แตะไอเทม idx=0 @(285,170)
2025-10-22 18:41:52,116 INFO [d2] INSERT: try CV insert in roi=(522,524,427,132)
2025-10-22 18:41:53,552 INFO [INSERT] click at (583,610) score=0.959 thr=0.86
2025-10-22 18:41:55,580 INFO [d2] INSERT: done → รอ 0.5s
2025-10-22 18:41:56,231 INFO [d2] stage=upgrade item_idx=0 target=+6 base=None succ=0
2025-10-22 18:41:56,233 INFO [d2] UPGRADE base=0 succ=0 cur=0 / target=+6
2025-10-22 18:41:56,832 INFO [ตรวจช่อง] ว่าง=False (เทมเพลต score=0.088 thr=0.85)
2025-10-22 18:41:56,833 INFO [d2] UPGRADE: click upgrade_btn @(844,626)
2025-10-22 18:42:00,725 INFO [overlay สี] success≈0.189, fail≈0.428 (เกณฑ์ 0.06/0.06)
2025-10-22 18:42:00,726 INFO [overlay] ยังไม่ชัดเจน
2025-10-22 18:42:01,968 INFO [overlay สี] success≈0.848, fail≈0.012 (เกณฑ์ 0.06/0.06)
2025-10-22 18:42:01,970 INFO [overlay สี] ตัดสิน: success
2025-10-22 18:42:01,971 INFO [d2] (ดีเลย์) สำเร็จ → success=1
2025-10-22 18:42:02,123 INFO [d2] stage=upgrade item_idx=0 target=+6 base=None succ=1
2025-10-22 18:42:02,125 INFO [d2] UPGRADE base=0 succ=1 cur=1 / target=+6
2025-10-22 18:42:02,873 INFO [ตรวจช่อง] ว่าง=False (เทมเพลต score=0.081 thr=0.85)
2025-10-22 18:42:02,875 INFO [d2] UPGRADE: click upgrade_btn @(844,626)
2025-10-22 18:42:06,752 INFO [overlay สี] success≈0.195, fail≈0.410 (เกณฑ์ 0.06/0.06)
2025-10-22 18:42:06,753 INFO [overlay] ยังไม่ชัดเจน
2025-10-22 18:42:07,850 INFO [overlay สี] success≈0.839, fail≈0.012 (เกณฑ์ 0.06/0.06)
2025-10-22 18:42:07,852 INFO [overlay สี] ตัดสิน: success
2025-10-22 18:42:07,853 INFO [d2] (ดีเลย์) สำเร็จ → success=2
2025-10-22 18:42:08,004 INFO [d2] stage=upgrade item_idx=0 target=+6 base=None succ=2
2025-10-22 18:42:08,005 INFO [d2] UPGRADE base=0 succ=2 cur=2 / target=+6
2025-10-22 18:42:08,631 INFO [ตรวจช่อง] ว่าง=False (เทมเพลต score=0.079 thr=0.85)
2025-10-22 18:42:08,632 INFO [d2] UPGRADE: click upgrade_btn @(844,626)
2025-10-22 18:42:12,321 INFO [overlay สี] success≈0.191, fail≈0.429 (เกณฑ์ 0.06/0.06)
2025-10-22 18:42:12,322 INFO [overlay] ยังไม่ชัดเจน
2025-10-22 18:42:13,377 INFO [overlay สี] success≈0.873, fail≈0.008 (เกณฑ์ 0.06/0.06)
2025-10-22 18:42:13,379 INFO [overlay สี] ตัดสิน: success
2025-10-22 18:42:13,380 INFO [d2] (ดีเลย์) สำเร็จ → success=3
2025-10-22 18:42:13,531 INFO [d2] stage=upgrade item_idx=0 target=+6 base=None succ=3
2025-10-22 18:42:13,533 INFO [d2] UPGRADE base=0 succ=3 cur=3 / target=+6
2025-10-22 18:42:14,196 INFO [ตรวจช่อง] ว่าง=False (เทมเพลต score=0.079 thr=0.85)
2025-10-22 18:42:14,197 INFO [d2] UPGRADE: click upgrade_btn @(844,626)
2025-10-22 18:42:17,967 INFO [overlay สี] success≈0.188, fail≈0.397 (เกณฑ์ 0.06/0.06)
2025-10-22 18:42:17,970 INFO [overlay] ยังไม่ชัดเจน
2025-10-22 18:42:18,976 INFO [overlay สี] success≈0.846, fail≈0.012 (เกณฑ์ 0.06/0.06)
2025-10-22 18:42:18,977 INFO [overlay สี] ตัดสิน: success
2025-10-22 18:42:18,978 INFO [d2] (ดีเลย์) สำเร็จ → success=4
2025-10-22 18:42:18,980 INFO [d2] item timeout 30s → advance item
2025-10-22 18:42:18,981 INFO [d2] heartbeat items=0 target=+6
2025-10-22 18:42:19,132 INFO [d2] stage=pick item_idx=1 target=+6 base=None succ=4
2025-10-22 18:42:19,134 INFO [d2] แตะไอเทม idx=1 @(345,170)
2025-10-22 18:42:21,153 INFO [d2] heartbeat items=0 target=+6
2025-10-22 18:42:21,306 INFO [d2] stage=inspect item_idx=1 target=+6 base=None succ=4
2025-10-22 18:42:21,354 INFO [d2] heartbeat items=0 target=+6
2025-10-22 18:42:21,506 INFO [d2] stage=inspect item_idx=1 target=+6 base=None succ=4
2025-10-22 18:42:22,167 INFO [OCR ก่อนใส่ลง] text='SED JA' → ระดับในวงเล็บ = None (roi 385,158,403x63)
2025-10-22 18:42:22,168 INFO [d2] ตัดสินใจ INSERT (level=None)
2025-10-22 18:42:22,320 INFO [d2] stage=insert item_idx=1 target=+6 base=None succ=0
2025-10-22 18:42:22,321 INFO [d2] INSERT: แตะไอเทม idx=1 @(345,170)
2025-10-22 18:42:24,433 INFO [d2] INSERT: try CV insert in roi=(522,524,427,132)
2025-10-22 18:42:25,807 INFO [INSERT] click at (645,610) score=0.992 thr=0.86
2025-10-22 18:42:27,739 INFO [d2] INSERT: done → รอ 0.5s
2025-10-22 18:42:28,391 INFO [d2] stage=upgrade item_idx=1 target=+6 base=None succ=0
2025-10-22 18:42:28,392 INFO [d2] UPGRADE base=0 succ=0 cur=0 / target=+6
2025-10-22 18:42:28,991 INFO [ตรวจช่อง] ว่าง=False (เทมเพลต score=0.088 thr=0.85)
2025-10-22 18:42:28,992 INFO [d2] UPGRADE: click upgrade_btn @(844,626)
2025-10-22 18:42:32,813 INFO [overlay สี] success≈0.189, fail≈0.426 (เกณฑ์ 0.06/0.06)
2025-10-22 18:42:32,815 INFO [overlay] ยังไม่ชัดเจน
2025-10-22 18:42:33,912 INFO [overlay สี] success≈0.797, fail≈0.013 (เกณฑ์ 0.06/0.06)
2025-10-22 18:42:33,914 INFO [overlay สี] ตัดสิน: success
2025-10-22 18:42:33,916 INFO [d2] (ดีเลย์) สำเร็จ → success=1
2025-10-22 18:42:33,918 INFO [d2] heartbeat items=0 target=+6
2025-10-22 18:42:34,070 INFO [d2] stage=upgrade item_idx=1 target=+6 base=None succ=1
2025-10-22 18:42:34,071 INFO [d2] UPGRADE base=0 succ=1 cur=1 / target=+6
2025-10-22 18:42:34,640 INFO [ตรวจช่อง] ว่าง=False (เทมเพลต score=0.081 thr=0.85)
2025-10-22 18:42:34,641 INFO [d2] UPGRADE: click upgrade_btn @(844,626)
2025-10-22 18:42:38,384 INFO [overlay สี] success≈0.200, fail≈0.398 (เกณฑ์ 0.06/0.06)
2025-10-22 18:42:38,386 INFO [overlay] ยังไม่ชัดเจน
2025-10-22 18:42:39,438 INFO [overlay สี] success≈0.841, fail≈0.012 (เกณฑ์ 0.06/0.06)
2025-10-22 18:42:39,440 INFO [overlay สี] ตัดสิน: success
2025-10-22 18:42:39,441 INFO [d2] (ดีเลย์) สำเร็จ → success=2
2025-10-22 18:42:39,442 INFO [d2] heartbeat items=0 target=+6
2025-10-22 18:42:39,593 INFO [d2] stage=upgrade item_idx=1 target=+6 base=None succ=2
2025-10-22 18:42:39,595 INFO [d2] UPGRADE base=0 succ=2 cur=2 / target=+6
2025-10-22 18:42:40,248 INFO [ตรวจช่อง] ว่าง=False (เทมเพลต score=0.079 thr=0.85)
2025-10-22 18:42:40,250 INFO [d2] UPGRADE: click upgrade_btn @(844,626)
2025-10-22 18:42:43,907 INFO [overlay สี] success≈0.180, fail≈0.427 (เกณฑ์ 0.06/0.06)
2025-10-22 18:42:43,908 INFO [overlay] ยังไม่ชัดเจน
2025-10-22 18:42:44,862 INFO [overlay สี] success≈0.869, fail≈0.008 (เกณฑ์ 0.06/0.06)
2025-10-22 18:42:44,864 INFO [overlay สี] ตัดสิน: success
2025-10-22 18:42:44,866 INFO [d2] (ดีเลย์) สำเร็จ → success=3
2025-10-22 18:42:45,017 INFO [d2] stage=upgrade item_idx=1 target=+6 base=None succ=3
2025-10-22 18:42:45,019 INFO [d2] UPGRADE base=0 succ=3 cur=3 / target=+6
2025-10-22 18:42:45,712 INFO [ตรวจช่อง] ว่าง=False (เทมเพลต score=0.079 thr=0.85)
2025-10-22 18:42:45,713 INFO [d2] UPGRADE: click upgrade_btn @(844,626)
2025-10-22 18:42:49,293 INFO [overlay สี] success≈0.191, fail≈0.427 (เกณฑ์ 0.06/0.06)
2025-10-22 18:42:49,294 INFO [overlay] ยังไม่ชัดเจน
2025-10-22 18:42:50,303 INFO [overlay สี] success≈0.871, fail≈0.008 (เกณฑ์ 0.06/0.06)
2025-10-22 18:42:50,305 INFO [overlay สี] ตัดสิน: success
2025-10-22 18:42:50,307 INFO [d2] (ดีเลย์) สำเร็จ → success=4
2025-10-22 18:42:50,308 INFO [d2] item timeout 30s → advance item
2025-10-22 18:42:50,459 INFO [d2] stage=pick item_idx=2 target=+6 base=None succ=4
2025-10-22 18:42:50,461 INFO [d2] แตะไอเทม idx=2 @(405,170)
2025-10-22 18:42:52,654 INFO [d2] stage=inspect item_idx=2 target=+6 base=None succ=4
2025-10-22 18:42:52,854 INFO [d2] stage=inspect item_idx=2 target=+6 base=None succ=4
2025-10-22 18:42:53,552 INFO [OCR ก่อนใส่ลง] text='demesne a JA' → ระดับในวงเล็บ = None (roi 385,158,403x63)
2025-10-22 18:42:53,553 INFO [d2] ตัดสินใจ INSERT (level=None)
2025-10-22 18:42:53,705 INFO [d2] stage=insert item_idx=2 target=+6 base=None succ=0
2025-10-22 18:42:53,706 INFO [d2] INSERT: แตะไอเทม idx=2 @(405,170)
2025-10-22 18:42:55,766 INFO [d2] INSERT: try CV insert in roi=(522,524,427,132)
2025-10-22 18:42:57,158 INFO [INSERT] click at (706,610) score=0.976 thr=0.86
2025-10-22 18:42:59,189 INFO [d2] INSERT: done → รอ 0.5s
2025-10-22 18:42:59,840 INFO [d2] stage=upgrade item_idx=2 target=+6 base=None succ=0
2025-10-22 18:42:59,842 INFO [d2] UPGRADE base=0 succ=0 cur=0 / target=+6
2025-10-22 18:43:00,498 INFO [ตรวจช่อง] ว่าง=False (เทมเพลต score=0.088 thr=0.85)
2025-10-22 18:43:00,499 INFO [d2] UPGRADE: click upgrade_btn @(844,626)
2025-10-22 18:43:04,232 INFO [overlay สี] success≈0.177, fail≈0.434 (เกณฑ์ 0.06/0.06)
2025-10-22 18:43:04,234 INFO [overlay] ยังไม่ชัดเจน
2025-10-22 18:43:05,279 INFO [overlay สี] success≈0.848, fail≈0.012 (เกณฑ์ 0.06/0.06)
2025-10-22 18:43:05,281 INFO [overlay สี] ตัดสิน: success
2025-10-22 18:43:05,282 INFO [d2] (ดีเลย์) สำเร็จ → success=1
2025-10-22 18:43:05,434 INFO [d2] stage=upgrade item_idx=2 target=+6 base=None succ=1
2025-10-22 18:43:05,435 INFO [d2] UPGRADE base=0 succ=1 cur=1 / target=+6
2025-10-22 18:43:06,092 INFO [ตรวจช่อง] ว่าง=False (เทมเพลต score=0.081 thr=0.85)
2025-10-22 18:43:06,094 INFO [d2] UPGRADE: click upgrade_btn @(844,626)
2025-10-22 18:43:09,909 INFO [overlay สี] success≈0.192, fail≈0.386 (เกณฑ์ 0.06/0.06)
2025-10-22 18:43:09,910 INFO [overlay] ยังไม่ชัดเจน
2025-10-22 18:43:10,980 INFO [overlay สี] success≈0.847, fail≈0.012 (เกณฑ์ 0.06/0.06)
2025-10-22 18:43:10,982 INFO [overlay สี] ตัดสิน: success
2025-10-22 18:43:10,983 INFO [d2] (ดีเลย์) สำเร็จ → success=2
2025-10-22 18:43:11,135 INFO [d2] stage=upgrade item_idx=2 target=+6 base=None succ=2
2025-10-22 18:43:11,136 INFO [d2] UPGRADE base=0 succ=2 cur=2 / target=+6
2025-10-22 18:43:11,779 INFO [ตรวจช่อง] ว่าง=False (เทมเพลต score=0.079 thr=0.85)
2025-10-22 18:43:11,780 INFO [d2] UPGRADE: click upgrade_btn @(844,626)
2025-10-22 18:43:15,568 INFO [overlay สี] success≈0.190, fail≈0.427 (เกณฑ์ 0.06/0.06)
2025-10-22 18:43:15,570 INFO [overlay] ยังไม่ชัดเจน
2025-10-22 18:43:16,541 INFO [overlay สี] success≈0.871, fail≈0.008 (เกณฑ์ 0.06/0.06)
2025-10-22 18:43:16,543 INFO [overlay สี] ตัดสิน: success
2025-10-22 18:43:16,544 INFO [d2] (ดีเลย์) สำเร็จ → success=3
2025-10-22 18:43:16,696 INFO [d2] stage=upgrade item_idx=2 target=+6 base=None succ=3
2025-10-22 18:43:16,697 INFO [d2] UPGRADE base=0 succ=3 cur=3 / target=+6
2025-10-22 18:43:17,326 INFO [ตรวจช่อง] ว่าง=False (เทมเพลต score=0.079 thr=0.85)
2025-10-22 18:43:17,327 INFO [d2] UPGRADE: click upgrade_btn @(844,626)
2025-10-22 18:43:20,977 INFO [overlay สี] success≈0.188, fail≈0.398 (เกณฑ์ 0.06/0.06)
2025-10-22 18:43:20,978 INFO [overlay] ยังไม่ชัดเจน
2025-10-22 18:43:22,057 INFO [overlay สี] success≈0.869, fail≈0.008 (เกณฑ์ 0.06/0.06)
2025-10-22 18:43:22,058 INFO [overlay สี] ตัดสิน: success
2025-10-22 18:43:22,059 INFO [d2] (ดีเลย์) สำเร็จ → success=4
2025-10-22 18:43:22,060 INFO [d2] item timeout 30s → advance item
2025-10-22 18:43:22,211 INFO [d2] stage=pick item_idx=3 target=+6 base=None succ=4
2025-10-22 18:43:22,212 INFO [d2] แตะไอเทม idx=3 @(465,170)
2025-10-22 18:43:24,329 INFO [d2] heartbeat items=0 target=+6
2025-10-22 18:43:24,480 INFO [d2] stage=inspect item_idx=3 target=+6 base=None succ=4
2025-10-22 18:43:24,529 INFO [d2] heartbeat items=0 target=+6
2025-10-22 18:43:24,681 INFO [d2] stage=inspect item_idx=3 target=+6 base=None succ=4
2025-10-22 18:43:25,420 INFO [OCR ก่อนใส่ลง] text='Sd matters _— 1%' → ระดับในวงเล็บ = None (roi 385,158,403x63)
2025-10-22 18:43:25,422 INFO [d2] ตัดสินใจ INSERT (level=None)
2025-10-22 18:43:25,573 INFO [d2] stage=insert item_idx=3 target=+6 base=None succ=0
2025-10-22 18:43:25,575 INFO [d2] INSERT: แตะไอเทม idx=3 @(465,170)
2025-10-22 18:43:27,625 INFO [d2] INSERT: try CV insert in roi=(522,524,427,132)
2025-10-22 18:43:29,041 INFO [INSERT] click at (768,610) score=0.971 thr=0.86
2025-10-22 18:43:30,948 INFO [d2] INSERT: done → รอ 0.5s
2025-10-22 18:43:31,600 INFO [d2] stage=upgrade item_idx=3 target=+6 base=None succ=0
2025-10-22 18:43:31,601 INFO [d2] UPGRADE base=0 succ=0 cur=0 / target=+6
2025-10-22 18:43:32,199 INFO [ตรวจช่อง] ว่าง=False (เทมเพลต score=0.088 thr=0.85)
2025-10-22 18:43:32,201 INFO [d2] UPGRADE: click upgrade_btn @(844,626)
2025-10-22 18:43:36,082 INFO [overlay สี] success≈0.191, fail≈0.387 (เกณฑ์ 0.06/0.06)
2025-10-22 18:43:36,083 INFO [overlay] ยังไม่ชัดเจน
2025-10-22 18:43:37,092 INFO [overlay สี] success≈0.822, fail≈0.012 (เกณฑ์ 0.06/0.06)
2025-10-22 18:43:37,093 INFO [overlay สี] ตัดสิน: success
2025-10-22 18:43:37,094 INFO [d2] (ดีเลย์) สำเร็จ → success=1
2025-10-22 18:43:37,246 INFO [d2] stage=upgrade item_idx=3 target=+6 base=None succ=1
2025-10-22 18:43:37,247 INFO [d2] UPGRADE base=0 succ=1 cur=1 / target=+6
2025-10-22 18:43:37,926 INFO [ตรวจช่อง] ว่าง=False (เทมเพลต score=0.081 thr=0.85)
2025-10-22 18:43:37,927 INFO [d2] UPGRADE: click upgrade_btn @(844,626)
2025-10-22 18:43:41,505 INFO [overlay สี] success≈0.188, fail≈0.434 (เกณฑ์ 0.06/0.06)
2025-10-22 18:43:41,506 INFO [overlay] ยังไม่ชัดเจน
2025-10-22 18:43:42,393 INFO [overlay สี] success≈0.872, fail≈0.009 (เกณฑ์ 0.06/0.06)
2025-10-22 18:43:42,394 INFO [overlay สี] ตัดสิน: success
2025-10-22 18:43:42,396 INFO [d2] (ดีเลย์) สำเร็จ → success=2
2025-10-22 18:43:42,397 INFO [d2] heartbeat items=0 target=+6
2025-10-22 18:43:42,548 INFO [d2] stage=upgrade item_idx=3 target=+6 base=None succ=2
2025-10-22 18:43:42,550 INFO [d2] UPGRADE base=0 succ=2 cur=2 / target=+6
2025-10-22 18:43:43,189 INFO [ตรวจช่อง] ว่าง=False (เทมเพลต score=0.079 thr=0.85)
2025-10-22 18:43:43,191 INFO [d2] UPGRADE: click upgrade_btn @(844,626)
2025-10-22 18:43:46,928 INFO [overlay สี] success≈0.180, fail≈0.435 (เกณฑ์ 0.06/0.06)
2025-10-22 18:43:46,929 INFO [overlay] ยังไม่ชัดเจน
2025-10-22 18:43:47,938 INFO [overlay สี] success≈0.860, fail≈0.010 (เกณฑ์ 0.06/0.06)
2025-10-22 18:43:47,939 INFO [overlay สี] ตัดสิน: success
2025-10-22 18:43:47,940 INFO [d2] (ดีเลย์) สำเร็จ → success=3
2025-10-22 18:43:48,092 INFO [d2] stage=upgrade item_idx=3 target=+6 base=None succ=3
2025-10-22 18:43:48,093 INFO [d2] UPGRADE base=0 succ=3 cur=3 / target=+6
2025-10-22 18:43:48,706 INFO [ตรวจช่อง] ว่าง=False (เทมเพลต score=0.079 thr=0.85)
2025-10-22 18:43:48,707 INFO [d2] UPGRADE: click upgrade_btn @(844,626)
2025-10-22 18:43:52,489 INFO [overlay สี] success≈0.578, fail≈0.033 (เกณฑ์ 0.06/0.06)
2025-10-22 18:43:52,491 INFO [overlay สี] ตัดสิน: success
2025-10-22 18:43:52,492 INFO [d2] ผล: สำเร็จ (+1) → success=4
2025-10-22 18:43:52,494 INFO [d2] item timeout 30s → advance item
2025-10-22 18:43:52,645 INFO [d2] stage=pick item_idx=4 target=+6 base=None succ=4
2025-10-22 18:43:52,647 INFO [d2] แตะไอเทม idx=4 @(525,170)
2025-10-22 18:43:54,825 INFO [d2] heartbeat items=0 target=+6
2025-10-22 18:43:54,976 INFO [d2] stage=inspect item_idx=4 target=+6 base=None succ=4
2025-10-22 18:43:55,175 INFO [d2] stage=inspect item_idx=4 target=+6 base=None succ=4
2025-10-22 18:43:55,809 INFO [OCR ก่อนใส่ลง] text='' → ระดับในวงเล็บ = None (roi 385,158,403x63)
2025-10-22 18:43:55,811 INFO [d2] ตัดสินใจ INSERT (level=None)
2025-10-22 18:43:55,962 INFO [d2] stage=insert item_idx=4 target=+6 base=None succ=0
2025-10-22 18:43:55,963 INFO [d2] INSERT: แตะไอเทม idx=4 @(525,170)
2025-10-22 18:43:57,916 INFO [d2] INSERT: try CV insert in roi=(522,524,427,132)
2025-10-22 18:43:59,345 INFO [INSERT] click at (829,610) score=0.960 thr=0.86
2025-10-22 18:44:01,217 INFO [d2] INSERT: done → รอ 0.5s
2025-10-22 18:44:01,868 INFO [d2] stage=upgrade item_idx=4 target=+6 base=None succ=0
2025-10-22 18:44:01,871 INFO [d2] UPGRADE base=0 succ=0 cur=0 / target=+6
2025-10-22 18:44:02,451 INFO [ตรวจช่อง] ว่าง=False (เทมเพลต score=0.088 thr=0.85)
2025-10-22 18:44:02,452 INFO [d2] UPGRADE: click upgrade_btn @(844,626)
2025-10-22 18:44:06,159 INFO [overlay สี] success≈0.176, fail≈0.433 (เกณฑ์ 0.06/0.06)
2025-10-22 18:44:06,160 INFO [overlay] ยังไม่ชัดเจน
2025-10-22 18:44:07,238 INFO [overlay สี] success≈0.861, fail≈0.010 (เกณฑ์ 0.06/0.06)
2025-10-22 18:44:07,239 INFO [overlay สี] ตัดสิน: success
2025-10-22 18:44:07,241 INFO [d2] (ดีเลย์) สำเร็จ → success=1
2025-10-22 18:44:07,392 INFO [d2] stage=upgrade item_idx=4 target=+6 base=None succ=1
2025-10-22 18:44:07,394 INFO [d2] UPGRADE base=0 succ=1 cur=1 / target=+6
2025-10-22 18:44:08,008 INFO [ตรวจช่อง] ว่าง=False (เทมเพลต score=0.081 thr=0.85)
2025-10-22 18:44:08,010 INFO [d2] UPGRADE: click upgrade_btn @(844,626)
2025-10-22 18:44:11,577 INFO [overlay สี] success≈0.189, fail≈0.428 (เกณฑ์ 0.06/0.06)
2025-10-22 18:44:11,578 INFO [overlay] ยังไม่ชัดเจน
2025-10-22 18:44:12,580 INFO [overlay สี] success≈0.874, fail≈0.008 (เกณฑ์ 0.06/0.06)
2025-10-22 18:44:12,582 INFO [overlay สี] ตัดสิน: success
2025-10-22 18:44:12,584 INFO [d2] (ดีเลย์) สำเร็จ → success=2
2025-10-22 18:44:12,585 INFO [d2] heartbeat items=0 target=+6
2025-10-22 18:44:12,736 INFO [d2] stage=upgrade item_idx=4 target=+6 base=None succ=2
2025-10-22 18:44:12,738 INFO [d2] UPGRADE base=0 succ=2 cur=2 / target=+6
2025-10-22 18:44:13,391 INFO [ตรวจช่อง] ว่าง=False (เทมเพลต score=0.079 thr=0.85)
2025-10-22 18:44:13,392 INFO [d2] UPGRADE: click upgrade_btn @(844,626)
2025-10-22 18:44:17,014 INFO [overlay สี] success≈0.181, fail≈0.421 (เกณฑ์ 0.06/0.06)
2025-10-22 18:44:17,015 INFO [overlay] ยังไม่ชัดเจน
2025-10-22 18:44:17,977 INFO [overlay สี] success≈0.869, fail≈0.008 (เกณฑ์ 0.06/0.06)
2025-10-22 18:44:17,979 INFO [overlay สี] ตัดสิน: success
2025-10-22 18:44:17,980 INFO [d2] (ดีเลย์) สำเร็จ → success=3
2025-10-22 18:44:18,131 INFO [d2] stage=upgrade item_idx=4 target=+6 base=None succ=3
2025-10-22 18:44:18,133 INFO [d2] UPGRADE base=0 succ=3 cur=3 / target=+6
2025-10-22 18:44:18,774 INFO [ตรวจช่อง] ว่าง=False (เทมเพลต score=0.079 thr=0.85)
2025-10-22 18:44:18,775 INFO [d2] UPGRADE: click upgrade_btn @(844,626)
2025-10-22 18:44:22,556 INFO [overlay สี] success≈0.196, fail≈0.408 (เกณฑ์ 0.06/0.06)
2025-10-22 18:44:22,557 INFO [overlay] ยังไม่ชัดเจน
2025-10-22 18:44:23,665 INFO [overlay สี] success≈0.800, fail≈0.013 (เกณฑ์ 0.06/0.06)
2025-10-22 18:44:23,666 INFO [overlay สี] ตัดสิน: success
2025-10-22 18:44:23,667 INFO [d2] (ดีเลย์) สำเร็จ → success=4
2025-10-22 18:44:23,668 INFO [d2] item timeout 30s → advance item
2025-10-22 18:44:23,819 INFO [d2] stage=pick item_idx=5 target=+6 base=None succ=4
2025-10-22 18:44:23,821 INFO [d2] แตะไอเทม idx=5 @(585,170)
2025-10-22 18:44:25,952 INFO [d2] stage=inspect item_idx=5 target=+6 base=None succ=4
2025-10-22 18:44:26,152 INFO [d2] stage=inspect item_idx=5 target=+6 base=None succ=4
2025-10-22 18:44:26,785 INFO [OCR ก่อนใส่ลง] text='' → ระดับในวงเล็บ = None (roi 385,158,403x63)
2025-10-22 18:44:26,786 INFO [d2] ตัดสินใจ INSERT (level=None)
2025-10-22 18:44:26,938 INFO [d2] stage=insert item_idx=5 target=+6 base=None succ=0
2025-10-22 18:44:26,940 INFO [d2] INSERT: แตะไอเทม idx=5 @(585,170)
2025-10-22 18:44:28,894 INFO [d2] INSERT: try CV insert in roi=(522,524,427,132)
2025-10-22 18:44:30,342 INFO [INSERT] click at (891,610) score=0.962 thr=0.86
2025-10-22 18:44:32,371 INFO [d2] INSERT: done → รอ 0.5s
2025-10-22 18:44:33,023 INFO [d2] stage=upgrade item_idx=5 target=+6 base=None succ=0
2025-10-22 18:44:33,024 INFO [d2] UPGRADE base=0 succ=0 cur=0 / target=+6
2025-10-22 18:44:33,619 INFO [ตรวจช่อง] ว่าง=False (เทมเพลต score=0.088 thr=0.85)
2025-10-22 18:44:33,621 INFO [d2] UPGRADE: click upgrade_btn @(844,626)
2025-10-22 18:44:37,232 INFO [overlay สี] success≈0.191, fail≈0.420 (เกณฑ์ 0.06/0.06)
2025-10-22 18:44:37,234 INFO [overlay] ยังไม่ชัดเจน
2025-10-22 18:44:38,296 INFO [overlay สี] success≈0.873, fail≈0.008 (เกณฑ์ 0.06/0.06)
2025-10-22 18:44:38,298 INFO [overlay สี] ตัดสิน: success
2025-10-22 18:44:38,299 INFO [d2] (ดีเลย์) สำเร็จ → success=1
2025-10-22 18:44:38,450 INFO [d2] stage=upgrade item_idx=5 target=+6 base=None succ=1
2025-10-22 18:44:38,452 INFO [d2] UPGRADE base=0 succ=1 cur=1 / target=+6
2025-10-22 18:44:39,099 INFO [ตรวจช่อง] ว่าง=False (เทมเพลต score=0.081 thr=0.85)
2025-10-22 18:44:39,101 INFO [d2] UPGRADE: click upgrade_btn @(844,626)
2025-10-22 18:44:42,954 INFO [overlay สี] success≈0.192, fail≈0.399 (เกณฑ์ 0.06/0.06)
2025-10-22 18:44:42,955 INFO [overlay] ยังไม่ชัดเจน
2025-10-22 18:44:43,977 INFO [overlay สี] success≈0.701, fail≈0.022 (เกณฑ์ 0.06/0.06)
2025-10-22 18:44:43,978 INFO [overlay สี] ตัดสิน: success
2025-10-22 18:44:43,979 INFO [d2] (ดีเลย์) สำเร็จ → success=2
2025-10-22 18:44:44,130 INFO [d2] stage=upgrade item_idx=5 target=+6 base=None succ=2
2025-10-22 18:44:44,132 INFO [d2] UPGRADE base=0 succ=2 cur=2 / target=+6
2025-10-22 18:44:44,876 INFO [ตรวจช่อง] ว่าง=False (เทมเพลต score=0.079 thr=0.85)
2025-10-22 18:44:44,877 INFO [d2] UPGRADE: click upgrade_btn @(844,626)
2025-10-22 18:44:48,637 INFO [overlay สี] success≈0.581, fail≈0.032 (เกณฑ์ 0.06/0.06)
2025-10-22 18:44:48,639 INFO [overlay สี] ตัดสิน: success
2025-10-22 18:44:48,641 INFO [d2] ผล: สำเร็จ (+1) → success=3
2025-10-22 18:44:48,642 INFO [d2] heartbeat items=0 target=+6
2025-10-22 18:44:48,794 INFO [d2] stage=upgrade item_idx=5 target=+6 base=None succ=3
2025-10-22 18:44:48,796 INFO [d2] UPGRADE base=0 succ=3 cur=3 / target=+6
2025-10-22 18:44:49,482 INFO [ตรวจช่อง] ว่าง=False (เทมเพลต score=0.199 thr=0.85)
2025-10-22 18:44:49,483 INFO [d2] UPGRADE: click upgrade_btn @(844,626)
2025-10-22 18:44:53,439 INFO [overlay สี] success≈0.200, fail≈0.398 (เกณฑ์ 0.06/0.06)
2025-10-22 18:44:53,441 INFO [overlay] ยังไม่ชัดเจน
2025-10-22 18:44:54,739 INFO [overlay สี] success≈0.800, fail≈0.013 (เกณฑ์ 0.06/0.06)
2025-10-22 18:44:54,740 INFO [overlay สี] ตัดสิน: success
2025-10-22 18:44:54,742 INFO [d2] (ดีเลย์) สำเร็จ → success=4
2025-10-22 18:44:54,743 INFO [d2] item timeout 30s → advance item
2025-10-22 18:44:54,744 INFO [d2] heartbeat items=0 target=+6
2025-10-22 18:44:54,895 INFO [d2] stage=pick item_idx=6 target=+6 base=None succ=4
2025-10-22 18:44:54,897 INFO [d2] แตะไอเทม idx=0 @(285,170)
2025-10-22 18:44:57,008 INFO [d2] heartbeat items=0 target=+6
2025-10-22 18:44:57,160 INFO [d2] stage=inspect item_idx=6 target=+6 base=None succ=4
2025-10-22 18:44:57,208 INFO [d2] heartbeat items=0 target=+6
2025-10-22 18:44:57,360 INFO [d2] stage=inspect item_idx=6 target=+6 base=None succ=4
2025-10-22 18:44:58,090 INFO [OCR ก่อนใส่ลง] text='' → ระดับในวงเล็บ = None (roi 385,158,403x63)
2025-10-22 18:44:58,091 INFO [d2] ตัดสินใจ INSERT (level=None)
2025-10-22 18:44:58,243 INFO [d2] stage=insert item_idx=6 target=+6 base=None succ=0
2025-10-22 18:44:58,244 INFO [d2] INSERT: แตะไอเทม idx=0 @(285,170)
2025-10-22 18:45:00,320 INFO [d2] INSERT: try CV insert in roi=(522,524,427,132)
2025-10-22 18:45:01,827 WARNING [INSERT] หา/กดปุ่ม 'ใส่ลง' ไม่เจอใน ROI
2025-10-22 18:45:01,829 WARNING [d2] INSERT: CV not found → fallback slot_center @(849,327)
2025-10-22 18:45:03,858 INFO [d2] INSERT: done → รอ 0.5s
2025-10-22 18:45:04,509 INFO [d2] stage=upgrade item_idx=6 target=+6 base=None succ=0
2025-10-22 18:45:04,510 INFO [d2] UPGRADE base=0 succ=0 cur=0 / target=+6
2025-10-22 18:45:05,156 INFO [ตรวจช่อง] ว่าง=False (เทมเพลต score=0.075 thr=0.85)
2025-10-22 18:45:05,159 INFO [d2] UPGRADE: click upgrade_btn @(844,626)
2025-10-22 18:45:08,972 INFO [overlay สี] success≈0.183, fail≈0.428 (เกณฑ์ 0.06/0.06)
2025-10-22 18:45:08,973 INFO [overlay] ยังไม่ชัดเจน
2025-10-22 18:45:10,072 INFO [overlay สี] success≈0.775, fail≈0.014 (เกณฑ์ 0.06/0.06)
2025-10-22 18:45:10,073 INFO [overlay สี] ตัดสิน: success
2025-10-22 18:45:10,074 INFO [d2] (ดีเลย์) สำเร็จ → success=1
2025-10-22 18:45:10,226 INFO [d2] stage=upgrade item_idx=6 target=+6 base=None succ=1
2025-10-22 18:45:10,227 INFO [d2] UPGRADE base=0 succ=1 cur=1 / target=+6
2025-10-22 18:45:10,893 INFO [ตรวจช่อง] ว่าง=False (เทมเพลต score=0.079 thr=0.85)
2025-10-22 18:45:10,894 INFO [d2] UPGRADE: click upgrade_btn @(844,626)
2025-10-22 18:45:14,734 INFO [overlay สี] success≈0.642, fail≈0.020 (เกณฑ์ 0.06/0.06)
2025-10-22 18:45:14,735 INFO [overlay สี] ตัดสิน: success
2025-10-22 18:45:14,737 INFO [d2] ผล: สำเร็จ (+1) → success=2
2025-10-22 18:45:14,888 INFO [d2] stage=upgrade item_idx=6 target=+6 base=None succ=2
2025-10-22 18:45:14,890 INFO [d2] UPGRADE base=0 succ=2 cur=2 / target=+6
2025-10-22 18:45:15,657 INFO [ตรวจช่อง] ว่าง=False (เทมเพลต score=0.200 thr=0.85)
2025-10-22 18:45:15,658 INFO [d2] UPGRADE: click upgrade_btn @(844,626)
2025-10-22 18:45:19,492 INFO [overlay สี] success≈0.416, fail≈0.138 (เกณฑ์ 0.06/0.06)
2025-10-22 18:45:19,493 INFO [overlay] ยังไม่ชัดเจน
2025-10-22 18:45:20,479 INFO [overlay สี] success≈0.416, fail≈0.138 (เกณฑ์ 0.06/0.06)
2025-10-22 18:45:20,481 INFO [overlay] ยังไม่ชัดเจน
2025-10-22 18:45:21,615 INFO [overlay สี] success≈0.416, fail≈0.138 (เกณฑ์ 0.06/0.06)
2025-10-22 18:45:21,616 INFO [overlay] ยังไม่ชัดเจน
2025-10-22 18:45:21,616 INFO [d2] overlay ยังไม่ชัดเจน → จะลองต่อในรอบถัดไป
2025-10-22 18:45:21,617 INFO [d2] heartbeat items=0 target=+6
2025-10-22 18:45:21,768 INFO [d2] stage=upgrade item_idx=6 target=+6 base=None succ=2
2025-10-22 18:45:21,770 INFO [d2] UPGRADE base=0 succ=2 cur=2 / target=+6
2025-10-22 18:45:22,407 INFO [ตรวจช่อง] ว่าง=True (เทมเพลต score=0.992 thr=0.85)
2025-10-22 18:45:22,408 INFO [d2] ช่องว่าง (ไอเทมหาย/แตก) → ข้ามชิ้นนี้
2025-10-22 18:45:22,559 INFO [d2] stage=pick item_idx=7 target=+6 base=None succ=2
2025-10-22 18:45:22,560 INFO [d2] แตะไอเทม idx=1 @(345,170)
2025-10-22 18:45:24,503 INFO [d2] heartbeat items=0 target=+6
2025-10-22 18:45:24,654 INFO [d2] stage=inspect item_idx=7 target=+6 base=None succ=2
2025-10-22 18:45:24,703 INFO [d2] heartbeat items=0 target=+6
2025-10-22 18:45:24,854 INFO [d2] stage=inspect item_idx=7 target=+6 base=None succ=2
2025-10-22 18:45:25,537 INFO [OCR ก่อนใส่ลง] text='os Ses SU es - fA' → ระดับในวงเล็บ = None (roi 385,158,403x63)
2025-10-22 18:45:25,539 INFO [d2] ตัดสินใจ INSERT (level=None)
2025-10-22 18:45:25,540 INFO [d2] item timeout 30s → advance item
2025-10-22 18:45:25,692 INFO [d2] stage=pick item_idx=8 target=+6 base=None succ=0
2025-10-22 18:45:25,693 INFO [d2] แตะไอเทม idx=2 @(405,170)
2025-10-22 18:45:27,606 INFO [d2] heartbeat items=0 target=+6
2025-10-22 18:45:27,758 INFO [d2] stage=inspect item_idx=8 target=+6 base=None succ=0
2025-10-22 18:45:27,806 INFO [d2] heartbeat items=0 target=+6
2025-10-22 18:45:27,958 INFO [d2] stage=inspect item_idx=8 target=+6 base=None succ=0
2025-10-22 18:45:28,712 INFO [OCR ก่อนใส่ลง] text='A eeaicccarsis = “> JA' → ระดับในวงเล็บ = None (roi 385,158,403x63)
2025-10-22 18:45:28,714 INFO [d2] ตัดสินใจ INSERT (level=None)
2025-10-22 18:45:28,865 INFO [d2] stage=insert item_idx=8 target=+6 base=None succ=0
2025-10-22 18:45:28,867 INFO [d2] INSERT: แตะไอเทม idx=2 @(405,170)
2025-10-22 18:45:30,794 INFO [d2] stopping...
2025-10-22 18:45:30,870 INFO [d2] INSERT: try CV insert in roi=(522,524,427,132)
2025-10-22 18:45:32,289 INFO [INSERT] click at (677,551) score=0.962 thr=0.86
2025-10-22 18:45:34,374 INFO [d2] INSERT: done → รอ 0.5s
2025-10-22 18:45:35,024 INFO [d2] loop exit (state=stopping)
2025-10-22 18:45:35,026 INFO [d2] stopped
2025-10-22 18:50:46,423 INFO === BOOT OK / logger stdout test ===
2025-10-22 18:51:00,063 INFO [d2] start
2025-10-22 18:51:00,988 INFO [d2] loop start
2025-10-22 18:51:00,989 INFO [d2] เริ่มคอนเท็กซ์ใหม่ stage=pick item_idx=0
2025-10-22 18:51:00,991 INFO [d2] CFG slot_center=(849, 327)
2025-10-22 18:51:00,992 INFO [d2] CFG slot_status_roi=(x1=385,y1=158,w=403,h=63)
2025-10-22 18:51:00,993 INFO [d2] CFG slot_roi_size=[69,68]
2025-10-22 18:51:00,994 INFO [d2] CFG upgrade_btn=(844, 626)
2025-10-22 18:51:00,996 INFO [d2] CFG overlay_abs=(x1=710,y1=237,w=279,h=160)
2025-10-22 18:51:00,997 INFO [d2] CFG insert_roi=(x1=522,y1=524,w=427,h=132)
2025-10-22 18:51:00,999 INFO [d2] CFG items(len)=6 sample=[(285, 170), (345, 170), (405, 170), (465, 170), (525, 170), (585, 170)]
2025-10-22 18:51:01,000 INFO [d2] CFG swipe={'x': 270, 'y': 220, 'dy': -75, 'ms': 800}
2025-10-22 18:51:01,002 INFO [d2] stage=pick item_idx=0 target=+6 base=None succ=0
2025-10-22 18:51:01,003 INFO [d2] แตะไอเทม idx=0 @(285,170)
2025-10-22 18:51:03,122 INFO [d2] heartbeat items=0 target=+6
2025-10-22 18:51:03,273 INFO [d2] stage=inspect item_idx=0 target=+6 base=None succ=0
2025-10-22 18:51:03,322 INFO [d2] heartbeat items=0 target=+6
2025-10-22 18:51:03,473 INFO [d2] stage=inspect item_idx=0 target=+6 base=None succ=0
2025-10-22 18:51:04,229 INFO [OCR ก่อนใส่ลง] text='' → ระดับในวงเล็บ = None (roi 385,158,403x63)
2025-10-22 18:51:04,230 INFO [d2] ตัดสินใจ INSERT (level=None)
2025-10-22 18:51:04,382 INFO [d2] stage=insert item_idx=0 target=+6 base=None succ=0
2025-10-22 18:51:04,383 INFO [d2] INSERT: แตะไอเทม idx=0 @(285,170)
2025-10-22 18:51:06,444 INFO [d2] INSERT: try CV insert in roi=(522,524,427,132)
2025-10-22 18:51:07,894 INFO [INSERT] click at (583,610) score=0.961 thr=0.86
2025-10-22 18:51:09,958 INFO [d2] INSERT: done → รอ 0.5s
2025-10-22 18:51:10,610 INFO [d2] stage=upgrade item_idx=0 target=+6 base=None succ=0
2025-10-22 18:51:10,611 INFO [d2] UPGRADE base=0 succ=0 cur=0 / target=+6
2025-10-22 18:51:11,349 INFO [ตรวจช่อง] ว่าง=False (เทมเพลต score=0.088 thr=0.85)
2025-10-22 18:51:11,350 INFO [d2] UPGRADE: click upgrade_btn @(844,626)
2025-10-22 18:51:15,204 INFO [overlay สี] success≈0.174, fail≈0.406 (เกณฑ์ 0.06/0.06)
2025-10-22 18:51:15,205 INFO [overlay] ยังไม่ชัดเจน
2025-10-22 18:51:16,345 INFO [overlay สี] success≈0.862, fail≈0.010 (เกณฑ์ 0.06/0.06)
2025-10-22 18:51:16,346 INFO [overlay สี] ตัดสิน: success
2025-10-22 18:51:16,347 INFO [d2] (ดีเลย์) สำเร็จ → success=1
2025-10-22 18:51:16,499 INFO [d2] stage=upgrade item_idx=0 target=+6 base=None succ=1
2025-10-22 18:51:16,500 INFO [d2] UPGRADE base=0 succ=1 cur=1 / target=+6
2025-10-22 18:51:17,111 INFO [ตรวจช่อง] ว่าง=False (เทมเพลต score=0.081 thr=0.85)
2025-10-22 18:51:17,113 INFO [d2] UPGRADE: click upgrade_btn @(844,626)
2025-10-22 18:51:20,789 INFO [overlay สี] success≈0.189, fail≈0.423 (เกณฑ์ 0.06/0.06)
2025-10-22 18:51:20,790 INFO [overlay] ยังไม่ชัดเจน
2025-10-22 18:51:21,793 INFO [overlay สี] success≈0.856, fail≈0.011 (เกณฑ์ 0.06/0.06)
2025-10-22 18:51:21,794 INFO [overlay สี] ตัดสิน: success
2025-10-22 18:51:21,796 INFO [d2] (ดีเลย์) สำเร็จ → success=2
2025-10-22 18:51:21,797 INFO [d2] heartbeat items=0 target=+6
2025-10-22 18:51:21,949 INFO [d2] stage=upgrade item_idx=0 target=+6 base=None succ=2
2025-10-22 18:51:21,950 INFO [d2] UPGRADE base=0 succ=2 cur=2 / target=+6
2025-10-22 18:51:22,541 INFO [ตรวจช่อง] ว่าง=False (เทมเพลต score=0.079 thr=0.85)
2025-10-22 18:51:22,542 INFO [d2] UPGRADE: click upgrade_btn @(844,626)
2025-10-22 18:51:26,497 INFO [overlay สี] success≈0.197, fail≈0.412 (เกณฑ์ 0.06/0.06)
2025-10-22 18:51:26,499 INFO [overlay] ยังไม่ชัดเจน
2025-10-22 18:51:27,507 INFO [overlay สี] success≈0.782, fail≈0.014 (เกณฑ์ 0.06/0.06)
2025-10-22 18:51:27,508 INFO [overlay สี] ตัดสิน: success
2025-10-22 18:51:27,509 INFO [d2] (ดีเลย์) สำเร็จ → success=3
2025-10-22 18:51:27,510 INFO [d2] heartbeat items=0 target=+6
2025-10-22 18:51:27,662 INFO [d2] stage=upgrade item_idx=0 target=+6 base=None succ=3
2025-10-22 18:51:27,664 INFO [d2] UPGRADE base=0 succ=3 cur=3 / target=+6
2025-10-22 18:51:28,290 INFO [ตรวจช่อง] ว่าง=False (เทมเพลต score=0.079 thr=0.85)
2025-10-22 18:51:28,292 INFO [d2] UPGRADE: click upgrade_btn @(844,626)
2025-10-22 18:51:32,136 INFO [overlay สี] success≈0.573, fail≈0.032 (เกณฑ์ 0.06/0.06)
2025-10-22 18:51:32,138 INFO [overlay สี] ตัดสิน: success
2025-10-22 18:51:32,139 INFO [d2] ผล: สำเร็จ (+1) → success=4
2025-10-22 18:51:32,140 INFO [d2] item timeout 30s → advance item
2025-10-22 18:51:32,292 INFO [d2] stage=pick item_idx=1 target=+6 base=None succ=4
2025-10-22 18:51:32,293 INFO [d2] แตะไอเทม idx=1 @(345,170)
2025-10-22 18:51:34,557 INFO [d2] stage=inspect item_idx=1 target=+6 base=None succ=4
2025-10-22 18:51:34,759 INFO [d2] stage=inspect item_idx=1 target=+6 base=None succ=4
2025-10-22 18:51:35,404 INFO [OCR ก่อนใส่ลง] text='rll iene al il fo' → ระดับในวงเล็บ = None (roi 385,158,403x63)
2025-10-22 18:51:35,406 INFO [d2] ตัดสินใจ INSERT (level=None)
2025-10-22 18:51:35,557 INFO [d2] stage=insert item_idx=1 target=+6 base=None succ=0
2025-10-22 18:51:35,559 INFO [d2] INSERT: แตะไอเทม idx=1 @(345,170)
2025-10-22 18:51:37,679 INFO [d2] INSERT: try CV insert in roi=(522,524,427,132)
2025-10-22 18:51:39,016 INFO [INSERT] click at (645,610) score=0.993 thr=0.86
2025-10-22 18:51:41,083 INFO [d2] INSERT: done → รอ 0.5s
2025-10-22 18:51:41,735 INFO [d2] stage=upgrade item_idx=1 target=+6 base=None succ=0
2025-10-22 18:51:41,737 INFO [d2] UPGRADE base=0 succ=0 cur=0 / target=+6
2025-10-22 18:51:42,340 INFO [ตรวจช่อง] ว่าง=False (เทมเพลต score=0.088 thr=0.85)
2025-10-22 18:51:42,342 INFO [d2] UPGRADE: click upgrade_btn @(844,626)
2025-10-22 18:51:46,100 INFO [overlay สี] success≈0.185, fail≈0.413 (เกณฑ์ 0.06/0.06)
2025-10-22 18:51:46,102 INFO [overlay] ยังไม่ชัดเจน
2025-10-22 18:51:47,190 INFO [overlay สี] success≈0.836, fail≈0.012 (เกณฑ์ 0.06/0.06)
2025-10-22 18:51:47,192 INFO [overlay สี] ตัดสิน: success
2025-10-22 18:51:47,193 INFO [d2] (ดีเลย์) สำเร็จ → success=1
2025-10-22 18:51:47,344 INFO [d2] stage=upgrade item_idx=1 target=+6 base=None succ=1
2025-10-22 18:51:47,346 INFO [d2] UPGRADE base=0 succ=1 cur=1 / target=+6
2025-10-22 18:51:48,076 INFO [ตรวจช่อง] ว่าง=False (เทมเพลต score=0.081 thr=0.85)
2025-10-22 18:51:48,077 INFO [d2] UPGRADE: click upgrade_btn @(844,626)
2025-10-22 18:51:51,792 INFO [overlay สี] success≈0.188, fail≈0.412 (เกณฑ์ 0.06/0.06)
2025-10-22 18:51:51,793 INFO [overlay] ยังไม่ชัดเจน
2025-10-22 18:51:52,815 INFO [overlay สี] success≈0.862, fail≈0.010 (เกณฑ์ 0.06/0.06)
2025-10-22 18:51:52,816 INFO [overlay สี] ตัดสิน: success
2025-10-22 18:51:52,817 INFO [d2] (ดีเลย์) สำเร็จ → success=2
2025-10-22 18:51:52,969 INFO [d2] stage=upgrade item_idx=1 target=+6 base=None succ=2
2025-10-22 18:51:52,970 INFO [d2] UPGRADE base=0 succ=2 cur=2 / target=+6
2025-10-22 18:51:53,580 INFO [ตรวจช่อง] ว่าง=False (เทมเพลต score=0.079 thr=0.85)
2025-10-22 18:51:53,581 INFO [d2] UPGRADE: click upgrade_btn @(844,626)
2025-10-22 18:51:57,274 INFO [overlay สี] success≈0.576, fail≈0.032 (เกณฑ์ 0.06/0.06)
2025-10-22 18:51:57,276 INFO [overlay สี] ตัดสิน: success
2025-10-22 18:51:57,277 INFO [d2] ผล: สำเร็จ (+1) → success=3
2025-10-22 18:51:57,279 INFO [d2] heartbeat items=0 target=+6
2025-10-22 18:51:57,430 INFO [d2] stage=upgrade item_idx=1 target=+6 base=None succ=3
2025-10-22 18:51:57,431 INFO [d2] UPGRADE base=0 succ=3 cur=3 / target=+6
2025-10-22 18:51:58,228 INFO [ตรวจช่อง] ว่าง=False (เทมเพลต score=0.200 thr=0.85)
2025-10-22 18:51:58,230 INFO [d2] UPGRADE: click upgrade_btn @(844,626)
2025-10-22 18:52:01,960 INFO [overlay สี] success≈0.183, fail≈0.424 (เกณฑ์ 0.06/0.06)
2025-10-22 18:52:01,961 INFO [overlay] ยังไม่ชัดเจน
2025-10-22 18:52:02,986 INFO [overlay สี] success≈0.869, fail≈0.008 (เกณฑ์ 0.06/0.06)
2025-10-22 18:52:02,988 INFO [overlay สี] ตัดสิน: success
2025-10-22 18:52:02,990 INFO [d2] (ดีเลย์) สำเร็จ → success=4
2025-10-22 18:52:02,992 INFO [d2] item timeout 30s → advance item
2025-10-22 18:52:03,143 INFO [d2] stage=pick item_idx=2 target=+6 base=None succ=4
2025-10-22 18:52:03,144 INFO [d2] แตะไอเทม idx=2 @(405,170)
2025-10-22 18:52:05,278 INFO [d2] stage=inspect item_idx=2 target=+6 base=None succ=4
2025-10-22 18:52:05,478 INFO [d2] stage=inspect item_idx=2 target=+6 base=None succ=4
2025-10-22 18:52:06,239 INFO [OCR ก่อนใส่ลง] text='aaa ican =, JB' → ระดับในวงเล็บ = None (roi 385,158,403x63)
2025-10-22 18:52:06,241 INFO [d2] ตัดสินใจ INSERT (level=None)
2025-10-22 18:52:06,242 INFO [d2] heartbeat items=0 target=+6
2025-10-22 18:52:06,393 INFO [d2] stage=insert item_idx=2 target=+6 base=None succ=0
2025-10-22 18:52:06,394 INFO [d2] INSERT: แตะไอเทม idx=2 @(405,170)
2025-10-22 18:52:08,322 INFO [d2] INSERT: try CV insert in roi=(522,524,427,132)
2025-10-22 18:52:09,797 INFO [INSERT] click at (706,610) score=0.976 thr=0.86
2025-10-22 18:52:11,891 INFO [d2] INSERT: done → รอ 0.5s
2025-10-22 18:52:12,393 INFO [d2] heartbeat items=0 target=+6
2025-10-22 18:52:12,545 INFO [d2] stage=upgrade item_idx=2 target=+6 base=None succ=0
2025-10-22 18:52:12,546 INFO [d2] UPGRADE base=0 succ=0 cur=0 / target=+6
2025-10-22 18:52:13,055 INFO [ตรวจช่อง] ว่าง=False (เทมเพลต score=0.088 thr=0.85)
2025-10-22 18:52:13,057 INFO [d2] UPGRADE: click upgrade_btn @(844,626)
2025-10-22 18:52:16,868 INFO [overlay สี] success≈0.184, fail≈0.435 (เกณฑ์ 0.06/0.06)
2025-10-22 18:52:16,869 INFO [overlay] ยังไม่ชัดเจน
2025-10-22 18:52:17,886 INFO [overlay สี] success≈0.813, fail≈0.013 (เกณฑ์ 0.06/0.06)
2025-10-22 18:52:17,888 INFO [overlay สี] ตัดสิน: success
2025-10-22 18:52:17,890 INFO [d2] (ดีเลย์) สำเร็จ → success=1
2025-10-22 18:52:18,041 INFO [d2] stage=upgrade item_idx=2 target=+6 base=None succ=1
2025-10-22 18:52:18,043 INFO [d2] UPGRADE base=0 succ=1 cur=1 / target=+6
2025-10-22 18:52:18,695 INFO [ตรวจช่อง] ว่าง=False (เทมเพลต score=0.081 thr=0.85)
2025-10-22 18:52:18,697 INFO [d2] UPGRADE: click upgrade_btn @(844,626)
2025-10-22 18:52:22,427 INFO [overlay สี] success≈0.197, fail≈0.412 (เกณฑ์ 0.06/0.06)
2025-10-22 18:52:22,428 INFO [overlay] ยังไม่ชัดเจน
2025-10-22 18:52:23,409 INFO [overlay สี] success≈0.800, fail≈0.013 (เกณฑ์ 0.06/0.06)
2025-10-22 18:52:23,410 INFO [overlay สี] ตัดสิน: success
2025-10-22 18:52:23,411 INFO [d2] (ดีเลย์) สำเร็จ → success=2
2025-10-22 18:52:23,563 INFO [d2] stage=upgrade item_idx=2 target=+6 base=None succ=2
2025-10-22 18:52:23,565 INFO [d2] UPGRADE base=0 succ=2 cur=2 / target=+6
2025-10-22 18:52:24,228 INFO [ตรวจช่อง] ว่าง=False (เทมเพลต score=0.079 thr=0.85)
2025-10-22 18:52:24,229 INFO [d2] UPGRADE: click upgrade_btn @(844,626)
2025-10-22 18:52:28,072 INFO [overlay สี] success≈0.174, fail≈0.421 (เกณฑ์ 0.06/0.06)
2025-10-22 18:52:28,074 INFO [overlay] ยังไม่ชัดเจน
2025-10-22 18:52:29,105 INFO [overlay สี] success≈0.861, fail≈0.009 (เกณฑ์ 0.06/0.06)
2025-10-22 18:52:29,106 INFO [overlay สี] ตัดสิน: success
2025-10-22 18:52:29,108 INFO [d2] (ดีเลย์) สำเร็จ → success=3
2025-10-22 18:52:29,260 INFO [d2] stage=upgrade item_idx=2 target=+6 base=None succ=3
2025-10-22 18:52:29,262 INFO [d2] UPGRADE base=0 succ=3 cur=3 / target=+6
2025-10-22 18:52:29,921 INFO [ตรวจช่อง] ว่าง=False (เทมเพลต score=0.079 thr=0.85)
2025-10-22 18:52:29,922 INFO [d2] UPGRADE: click upgrade_btn @(844,626)
2025-10-22 18:52:33,675 INFO [overlay สี] success≈0.184, fail≈0.419 (เกณฑ์ 0.06/0.06)
2025-10-22 18:52:33,677 INFO [overlay] ยังไม่ชัดเจน
2025-10-22 18:52:34,790 INFO [overlay สี] success≈0.849, fail≈0.012 (เกณฑ์ 0.06/0.06)
2025-10-22 18:52:34,791 INFO [overlay สี] ตัดสิน: success
2025-10-22 18:52:34,793 INFO [d2] (ดีเลย์) สำเร็จ → success=4
2025-10-22 18:52:34,794 INFO [d2] item timeout 30s → advance item
2025-10-22 18:52:34,946 INFO [d2] stage=pick item_idx=3 target=+6 base=None succ=4
2025-10-22 18:52:34,948 INFO [d2] แตะไอเทม idx=3 @(465,170)
2025-10-22 18:52:37,280 INFO [d2] stage=inspect item_idx=3 target=+6 base=None succ=4
2025-10-22 18:52:37,480 INFO [d2] stage=inspect item_idx=3 target=+6 base=None succ=4
2025-10-22 18:52:38,256 INFO [OCR ก่อนใส่ลง] text='ad iguatreris = Kas' → ระดับในวงเล็บ = None (roi 385,158,403x63)
2025-10-22 18:52:38,257 INFO [d2] ตัดสินใจ INSERT (level=None)
2025-10-22 18:52:38,408 INFO [d2] stage=insert item_idx=3 target=+6 base=None succ=0
2025-10-22 18:52:38,410 INFO [d2] INSERT: แตะไอเทม idx=3 @(465,170)
2025-10-22 18:52:40,397 INFO [d2] INSERT: try CV insert in roi=(522,524,427,132)
2025-10-22 18:52:41,793 INFO [INSERT] click at (768,610) score=0.966 thr=0.86
2025-10-22 18:52:43,645 INFO [d2] INSERT: done → รอ 0.5s
2025-10-22 18:52:44,297 INFO [d2] stage=upgrade item_idx=3 target=+6 base=None succ=0
2025-10-22 18:52:44,298 INFO [d2] UPGRADE base=0 succ=0 cur=0 / target=+6
2025-10-22 18:52:44,994 INFO [ตรวจช่อง] ว่าง=False (เทมเพลต score=0.088 thr=0.85)
2025-10-22 18:52:44,996 INFO [d2] UPGRADE: click upgrade_btn @(844,626)
2025-10-22 18:52:48,849 INFO [overlay สี] success≈0.181, fail≈0.437 (เกณฑ์ 0.06/0.06)
2025-10-22 18:52:48,851 INFO [overlay] ยังไม่ชัดเจน
2025-10-22 18:52:49,983 INFO [overlay สี] success≈0.865, fail≈0.009 (เกณฑ์ 0.06/0.06)
2025-10-22 18:52:49,985 INFO [overlay สี] ตัดสิน: success
2025-10-22 18:52:49,986 INFO [d2] (ดีเลย์) สำเร็จ → success=1
2025-10-22 18:52:50,137 INFO [d2] stage=upgrade item_idx=3 target=+6 base=None succ=1
2025-10-22 18:52:50,139 INFO [d2] UPGRADE base=0 succ=1 cur=1 / target=+6
2025-10-22 18:52:50,791 INFO [ตรวจช่อง] ว่าง=False (เทมเพลต score=0.081 thr=0.85)
2025-10-22 18:52:50,793 INFO [d2] UPGRADE: click upgrade_btn @(844,626)
2025-10-22 18:52:54,419 INFO [overlay สี] success≈0.583, fail≈0.032 (เกณฑ์ 0.06/0.06)
2025-10-22 18:52:54,420 INFO [overlay สี] ตัดสิน: success
2025-10-22 18:52:54,421 INFO [d2] ผล: สำเร็จ (+1) → success=2
2025-10-22 18:52:54,422 INFO [d2] heartbeat items=0 target=+6
2025-10-22 18:52:54,574 INFO [d2] stage=upgrade item_idx=3 target=+6 base=None succ=2
2025-10-22 18:52:54,575 INFO [d2] UPGRADE base=0 succ=2 cur=2 / target=+6
2025-10-22 18:52:55,346 INFO [ตรวจช่อง] ว่าง=False (เทมเพลต score=0.200 thr=0.85)
2025-10-22 18:52:55,347 INFO [d2] UPGRADE: click upgrade_btn @(844,626)
2025-10-22 18:52:59,247 INFO [overlay สี] success≈0.187, fail≈0.413 (เกณฑ์ 0.06/0.06)
2025-10-22 18:52:59,248 INFO [overlay] ยังไม่ชัดเจน
2025-10-22 18:53:00,217 INFO [overlay สี] success≈0.799, fail≈0.013 (เกณฑ์ 0.06/0.06)
2025-10-22 18:53:00,218 INFO [overlay สี] ตัดสิน: success
2025-10-22 18:53:00,219 INFO [d2] (ดีเลย์) สำเร็จ → success=3
2025-10-22 18:53:00,221 INFO [d2] heartbeat items=0 target=+6
2025-10-22 18:53:00,372 INFO [d2] stage=upgrade item_idx=3 target=+6 base=None succ=3
2025-10-22 18:53:00,374 INFO [d2] UPGRADE base=0 succ=3 cur=3 / target=+6
2025-10-22 18:53:01,076 INFO [ตรวจช่อง] ว่าง=False (เทมเพลต score=0.079 thr=0.85)
2025-10-22 18:53:01,077 INFO [d2] UPGRADE: click upgrade_btn @(844,626)
2025-10-22 18:53:04,827 INFO [overlay สี] success≈0.188, fail≈0.413 (เกณฑ์ 0.06/0.06)
2025-10-22 18:53:04,828 INFO [overlay] ยังไม่ชัดเจน
2025-10-22 18:53:05,784 INFO [overlay สี] success≈0.856, fail≈0.011 (เกณฑ์ 0.06/0.06)
2025-10-22 18:53:05,785 INFO [overlay สี] ตัดสิน: success
2025-10-22 18:53:05,787 INFO [d2] (ดีเลย์) สำเร็จ → success=4
2025-10-22 18:53:05,787 INFO [d2] item timeout 30s → advance item
2025-10-22 18:53:05,939 INFO [d2] stage=pick item_idx=4 target=+6 base=None succ=4
2025-10-22 18:53:05,940 INFO [d2] แตะไอเทม idx=4 @(525,170)
2025-10-22 18:53:08,072 INFO [d2] stage=inspect item_idx=4 target=+6 base=None succ=4
2025-10-22 18:53:08,272 INFO [d2] stage=inspect item_idx=4 target=+6 base=None succ=4
2025-10-22 18:53:08,955 INFO [OCR ก่อนใส่ลง] text='' → ระดับในวงเล็บ = None (roi 385,158,403x63)
2025-10-22 18:53:08,956 INFO [d2] ตัดสินใจ INSERT (level=None)
2025-10-22 18:53:09,108 INFO [d2] stage=insert item_idx=4 target=+6 base=None succ=0
2025-10-22 18:53:09,109 INFO [d2] INSERT: แตะไอเทม idx=4 @(525,170)
2025-10-22 18:53:11,102 INFO [d2] INSERT: try CV insert in roi=(522,524,427,132)
2025-10-22 18:53:12,489 INFO [INSERT] click at (829,610) score=0.956 thr=0.86
2025-10-22 18:53:14,308 INFO [d2] INSERT: done → รอ 0.5s
2025-10-22 18:53:14,960 INFO [d2] stage=upgrade item_idx=4 target=+6 base=None succ=0
2025-10-22 18:53:14,961 INFO [d2] UPGRADE base=0 succ=0 cur=0 / target=+6
2025-10-22 18:53:15,566 INFO [ตรวจช่อง] ว่าง=False (เทมเพลต score=0.088 thr=0.85)
2025-10-22 18:53:15,568 INFO [d2] UPGRADE: click upgrade_btn @(844,626)
2025-10-22 18:53:19,192 INFO [overlay สี] success≈0.175, fail≈0.421 (เกณฑ์ 0.06/0.06)
2025-10-22 18:53:19,194 INFO [overlay] ยังไม่ชัดเจน
2025-10-22 18:53:20,142 INFO [overlay สี] success≈0.866, fail≈0.009 (เกณฑ์ 0.06/0.06)
2025-10-22 18:53:20,143 INFO [overlay สี] ตัดสิน: success
2025-10-22 18:53:20,144 INFO [d2] (ดีเลย์) สำเร็จ → success=1
2025-10-22 18:53:20,296 INFO [d2] stage=upgrade item_idx=4 target=+6 base=None succ=1
2025-10-22 18:53:20,297 INFO [d2] UPGRADE base=0 succ=1 cur=1 / target=+6
2025-10-22 18:53:20,926 INFO [ตรวจช่อง] ว่าง=False (เทมเพลต score=0.081 thr=0.85)
2025-10-22 18:53:20,928 INFO [d2] UPGRADE: click upgrade_btn @(844,626)
2025-10-22 18:53:24,608 INFO [overlay สี] success≈0.185, fail≈0.418 (เกณฑ์ 0.06/0.06)
2025-10-22 18:53:24,609 INFO [overlay] ยังไม่ชัดเจน
2025-10-22 18:53:25,671 INFO [overlay สี] success≈0.871, fail≈0.008 (เกณฑ์ 0.06/0.06)
2025-10-22 18:53:25,673 INFO [overlay สี] ตัดสิน: success
2025-10-22 18:53:25,674 INFO [d2] (ดีเลย์) สำเร็จ → success=2
2025-10-22 18:53:25,825 INFO [d2] stage=upgrade item_idx=4 target=+6 base=None succ=2
2025-10-22 18:53:25,827 INFO [d2] UPGRADE base=0 succ=2 cur=2 / target=+6
2025-10-22 18:53:26,612 INFO [ตรวจช่อง] ว่าง=False (เทมเพลต score=0.079 thr=0.85)
2025-10-22 18:53:26,613 INFO [d2] UPGRADE: click upgrade_btn @(844,626)
2025-10-22 18:53:30,388 INFO [overlay สี] success≈0.193, fail≈0.422 (เกณฑ์ 0.06/0.06)
2025-10-22 18:53:30,389 INFO [overlay] ยังไม่ชัดเจน
2025-10-22 18:53:31,457 INFO [overlay สี] success≈0.765, fail≈0.017 (เกณฑ์ 0.06/0.06)
2025-10-22 18:53:31,459 INFO [overlay สี] ตัดสิน: success
2025-10-22 18:53:31,460 INFO [d2] (ดีเลย์) สำเร็จ → success=3
2025-10-22 18:53:31,611 INFO [d2] stage=upgrade item_idx=4 target=+6 base=None succ=3
2025-10-22 18:53:31,613 INFO [d2] UPGRADE base=0 succ=3 cur=3 / target=+6
2025-10-22 18:53:32,320 INFO [ตรวจช่อง] ว่าง=False (เทมเพลต score=0.079 thr=0.85)
2025-10-22 18:53:32,321 INFO [d2] UPGRADE: click upgrade_btn @(844,626)
2025-10-22 18:53:36,091 INFO [overlay สี] success≈0.179, fail≈0.429 (เกณฑ์ 0.06/0.06)
2025-10-22 18:53:36,092 INFO [overlay] ยังไม่ชัดเจน
2025-10-22 18:53:37,090 INFO [overlay สี] success≈0.857, fail≈0.010 (เกณฑ์ 0.06/0.06)
2025-10-22 18:53:37,091 INFO [overlay สี] ตัดสิน: success
2025-10-22 18:53:37,093 INFO [d2] (ดีเลย์) สำเร็จ → success=4
2025-10-22 18:53:37,094 INFO [d2] item timeout 30s → advance item
2025-10-22 18:53:37,246 INFO [d2] stage=pick item_idx=5 target=+6 base=None succ=4
2025-10-22 18:53:37,247 INFO [d2] แตะไอเทม idx=5 @(585,170)
2025-10-22 18:53:39,208 INFO [d2] heartbeat items=0 target=+6
2025-10-22 18:53:39,359 INFO [d2] stage=inspect item_idx=5 target=+6 base=None succ=4
2025-10-22 18:53:39,408 INFO [d2] heartbeat items=0 target=+6
2025-10-22 18:53:39,560 INFO [d2] stage=inspect item_idx=5 target=+6 base=None succ=4
2025-10-22 18:53:40,258 INFO [OCR ก่อนใส่ลง] text='' → ระดับในวงเล็บ = None (roi 385,158,403x63)
2025-10-22 18:53:40,259 INFO [d2] ตัดสินใจ INSERT (level=None)
2025-10-22 18:53:40,411 INFO [d2] stage=insert item_idx=5 target=+6 base=None succ=0
2025-10-22 18:53:40,412 INFO [d2] INSERT: แตะไอเทม idx=5 @(585,170)
2025-10-22 18:53:42,403 INFO [d2] INSERT: try CV insert in roi=(522,524,427,132)
2025-10-22 18:53:43,789 INFO [INSERT] click at (891,610) score=0.955 thr=0.86
2025-10-22 18:53:45,666 INFO [d2] INSERT: done → รอ 0.5s
2025-10-22 18:53:46,318 INFO [d2] stage=upgrade item_idx=5 target=+6 base=None succ=0
2025-10-22 18:53:46,319 INFO [d2] UPGRADE base=0 succ=0 cur=0 / target=+6
2025-10-22 18:53:46,892 INFO [ตรวจช่อง] ว่าง=False (เทมเพลต score=0.088 thr=0.85)
2025-10-22 18:53:46,893 INFO [d2] UPGRADE: click upgrade_btn @(844,626)
2025-10-22 18:53:50,425 INFO [overlay สี] success≈0.186, fail≈0.420 (เกณฑ์ 0.06/0.06)
2025-10-22 18:53:50,426 INFO [overlay] ยังไม่ชัดเจน
2025-10-22 18:53:51,480 INFO [overlay สี] success≈0.872, fail≈0.009 (เกณฑ์ 0.06/0.06)
2025-10-22 18:53:51,482 INFO [overlay สี] ตัดสิน: success
2025-10-22 18:53:51,483 INFO [d2] (ดีเลย์) สำเร็จ → success=1
2025-10-22 18:53:51,484 INFO [d2] heartbeat items=0 target=+6
2025-10-22 18:53:51,636 INFO [d2] stage=upgrade item_idx=5 target=+6 base=None succ=1
2025-10-22 18:53:51,637 INFO [d2] UPGRADE base=0 succ=1 cur=1 / target=+6
2025-10-22 18:53:52,259 INFO [ตรวจช่อง] ว่าง=False (เทมเพลต score=0.081 thr=0.85)
2025-10-22 18:53:52,261 INFO [d2] UPGRADE: click upgrade_btn @(844,626)
2025-10-22 18:53:56,132 INFO [overlay สี] success≈0.185, fail≈0.415 (เกณฑ์ 0.06/0.06)
2025-10-22 18:53:56,134 INFO [overlay] ยังไม่ชัดเจน
2025-10-22 18:53:57,138 INFO [overlay สี] success≈0.811, fail≈0.013 (เกณฑ์ 0.06/0.06)
2025-10-22 18:53:57,139 INFO [overlay สี] ตัดสิน: success
2025-10-22 18:53:57,141 INFO [d2] (ดีเลย์) สำเร็จ → success=2
2025-10-22 18:53:57,142 INFO [d2] heartbeat items=0 target=+6
2025-10-22 18:53:57,293 INFO [d2] stage=upgrade item_idx=5 target=+6 base=None succ=2
2025-10-22 18:53:57,294 INFO [d2] UPGRADE base=0 succ=2 cur=2 / target=+6
2025-10-22 18:53:57,855 INFO [ตรวจช่อง] ว่าง=False (เทมเพลต score=0.079 thr=0.85)
2025-10-22 18:53:57,856 INFO [d2] UPGRADE: click upgrade_btn @(844,626)
2025-10-22 18:54:01,639 INFO [overlay สี] success≈0.186, fail≈0.406 (เกณฑ์ 0.06/0.06)
2025-10-22 18:54:01,640 INFO [overlay] ยังไม่ชัดเจน
2025-10-22 18:54:02,736 INFO [overlay สี] success≈0.799, fail≈0.013 (เกณฑ์ 0.06/0.06)
2025-10-22 18:54:02,738 INFO [overlay สี] ตัดสิน: success
2025-10-22 18:54:02,739 INFO [d2] (ดีเลย์) สำเร็จ → success=3
2025-10-22 18:54:02,891 INFO [d2] stage=upgrade item_idx=5 target=+6 base=None succ=3
2025-10-22 18:54:02,892 INFO [d2] UPGRADE base=0 succ=3 cur=3 / target=+6
2025-10-22 18:54:03,536 INFO [ตรวจช่อง] ว่าง=False (เทมเพลต score=0.079 thr=0.85)
2025-10-22 18:54:03,538 INFO [d2] UPGRADE: click upgrade_btn @(844,626)
2025-10-22 18:54:07,342 INFO [overlay สี] success≈0.200, fail≈0.401 (เกณฑ์ 0.06/0.06)
2025-10-22 18:54:07,343 INFO [overlay] ยังไม่ชัดเจน
2025-10-22 18:54:08,407 INFO [overlay สี] success≈0.801, fail≈0.013 (เกณฑ์ 0.06/0.06)
2025-10-22 18:54:08,408 INFO [overlay สี] ตัดสิน: success
2025-10-22 18:54:08,410 INFO [d2] (ดีเลย์) สำเร็จ → success=4
2025-10-22 18:54:08,411 INFO [d2] item timeout 30s → advance item
2025-10-22 18:54:08,562 INFO [d2] stage=pick item_idx=6 target=+6 base=None succ=4
2025-10-22 18:54:08,564 INFO [d2] แตะไอเทม idx=0 @(285,170)
2025-10-22 18:54:10,637 INFO [d2] stage=inspect item_idx=6 target=+6 base=None succ=4
2025-10-22 18:54:10,838 INFO [d2] stage=inspect item_idx=6 target=+6 base=None succ=4
2025-10-22 18:54:11,698 INFO [OCR ก่อนใส่ลง] text='mr SE] LG' → ระดับในวงเล็บ = None (roi 385,158,403x63)
2025-10-22 18:54:11,699 INFO [d2] ตัดสินใจ INSERT (level=None)
2025-10-22 18:54:11,851 INFO [d2] stage=insert item_idx=6 target=+6 base=None succ=0
2025-10-22 18:54:11,852 INFO [d2] INSERT: แตะไอเทม idx=0 @(285,170)
2025-10-22 18:54:13,826 INFO [d2] INSERT: try CV insert in roi=(522,524,427,132)
2025-10-22 18:54:15,249 WARNING [INSERT] หา/กดปุ่ม 'ใส่ลง' ไม่เจอใน ROI
2025-10-22 18:54:15,251 WARNING [d2] INSERT: CV not found → fallback slot_center @(849,327)
2025-10-22 18:54:17,288 INFO [d2] INSERT: done → รอ 0.5s
2025-10-22 18:54:17,940 INFO [d2] stage=upgrade item_idx=6 target=+6 base=None succ=0
2025-10-22 18:54:17,941 INFO [d2] UPGRADE base=0 succ=0 cur=0 / target=+6
2025-10-22 18:54:18,596 INFO [ตรวจช่อง] ว่าง=False (เทมเพลต score=0.075 thr=0.85)
2025-10-22 18:54:18,597 INFO [d2] UPGRADE: click upgrade_btn @(844,626)
2025-10-22 18:54:22,239 INFO [overlay สี] success≈0.183, fail≈0.436 (เกณฑ์ 0.06/0.06)
2025-10-22 18:54:22,240 INFO [overlay] ยังไม่ชัดเจน
2025-10-22 18:54:23,360 INFO [overlay สี] success≈0.862, fail≈0.010 (เกณฑ์ 0.06/0.06)
2025-10-22 18:54:23,361 INFO [overlay สี] ตัดสิน: success
2025-10-22 18:54:23,363 INFO [d2] (ดีเลย์) สำเร็จ → success=1
2025-10-22 18:54:23,514 INFO [d2] stage=upgrade item_idx=6 target=+6 base=None succ=1
2025-10-22 18:54:23,516 INFO [d2] UPGRADE base=0 succ=1 cur=1 / target=+6
2025-10-22 18:54:24,148 INFO [ตรวจช่อง] ว่าง=False (เทมเพลต score=0.078 thr=0.85)
2025-10-22 18:54:24,149 INFO [d2] UPGRADE: click upgrade_btn @(844,626)
2025-10-22 18:54:27,835 INFO [overlay สี] success≈0.084, fail≈0.081 (เกณฑ์ 0.06/0.06)
2025-10-22 18:54:27,837 INFO [overlay] ยังไม่ชัดเจน
2025-10-22 18:54:28,814 INFO [overlay สี] success≈0.056, fail≈0.199 (เกณฑ์ 0.06/0.06)
2025-10-22 18:54:28,815 INFO [overlay สี] ตัดสิน: fail
2025-10-22 18:54:28,816 INFO [d2] (ดีเลย์) ล้มเหลวที่ +2
2025-10-22 18:54:28,817 INFO [d2] ยัง <4 → ลองต่อ
2025-10-22 18:54:28,969 INFO [d2] stage=upgrade item_idx=6 target=+6 base=None succ=1
2025-10-22 18:54:28,970 INFO [d2] UPGRADE base=0 succ=1 cur=1 / target=+6
2025-10-22 18:54:29,659 INFO [ตรวจช่อง] ว่าง=True (เทมเพลต score=0.867 thr=0.85)
2025-10-22 18:54:29,660 INFO [d2] ช่องว่าง (ไอเทมหาย/แตก) → ข้ามชิ้นนี้
2025-10-22 18:54:29,811 INFO [d2] stage=pick item_idx=7 target=+6 base=None succ=1
2025-10-22 18:54:29,812 INFO [d2] แตะไอเทม idx=1 @(345,170)
2025-10-22 18:54:32,028 INFO [d2] stage=inspect item_idx=7 target=+6 base=None succ=1
2025-10-22 18:54:32,228 INFO [d2] stage=inspect item_idx=7 target=+6 base=None succ=1
2025-10-22 18:54:33,099 INFO [OCR ก่อนใส่ลง] text='Gm JP' → ระดับในวงเล็บ = None (roi 385,158,403x63)
2025-10-22 18:54:33,101 INFO [d2] ตัดสินใจ INSERT (level=None)
2025-10-22 18:54:33,102 INFO [d2] heartbeat items=0 target=+6
2025-10-22 18:54:33,254 INFO [d2] stage=insert item_idx=7 target=+6 base=None succ=0
2025-10-22 18:54:33,255 INFO [d2] INSERT: แตะไอเทม idx=1 @(345,170)
2025-10-22 18:54:35,261 INFO [d2] INSERT: try CV insert in roi=(522,524,427,132)
2025-10-22 18:54:36,694 INFO [INSERT] click at (616,551) score=0.972 thr=0.86
2025-10-22 18:54:38,747 INFO [d2] INSERT: done → รอ 0.5s
2025-10-22 18:54:39,248 INFO [d2] item timeout 30s → advance item
2025-10-22 18:54:39,249 INFO [d2] heartbeat items=0 target=+6
2025-10-22 18:54:39,401 INFO [d2] stage=pick item_idx=8 target=+6 base=None succ=0
2025-10-22 18:54:39,402 INFO [d2] แตะไอเทม idx=2 @(405,170)
2025-10-22 18:54:41,680 INFO [d2] stage=inspect item_idx=8 target=+6 base=None succ=0
2025-10-22 18:54:41,880 INFO [d2] stage=inspect item_idx=8 target=+6 base=None succ=0
2025-10-22 18:54:42,712 INFO [OCR ก่อนใส่ลง] text='A eeatcccaricis 7 ai JA' → ระดับในวงเล็บ = None (roi 385,158,403x63)
2025-10-22 18:54:42,713 INFO [d2] ตัดสินใจ INSERT (level=None)
2025-10-22 18:54:42,714 INFO [d2] heartbeat items=0 target=+6
2025-10-22 18:54:42,865 INFO [d2] stage=insert item_idx=8 target=+6 base=None succ=0
2025-10-22 18:54:42,867 INFO [d2] INSERT: แตะไอเทม idx=2 @(405,170)
2025-10-22 18:54:44,945 INFO [d2] INSERT: try CV insert in roi=(522,524,427,132)
2025-10-22 18:54:46,413 INFO [INSERT] click at (677,551) score=0.973 thr=0.86
2025-10-22 18:54:48,450 INFO [d2] INSERT: done → รอ 0.5s
2025-10-22 18:54:48,952 INFO [d2] heartbeat items=0 target=+6
2025-10-22 18:54:49,103 INFO [d2] stage=upgrade item_idx=8 target=+6 base=None succ=0
2025-10-22 18:54:49,105 INFO [d2] UPGRADE base=0 succ=0 cur=0 / target=+6
2025-10-22 18:54:49,726 INFO [ตรวจช่อง] ว่าง=False (เทมเพลต score=0.079 thr=0.85)
2025-10-22 18:54:49,728 INFO [d2] UPGRADE: click upgrade_btn @(844,626)
2025-10-22 18:54:53,258 INFO [overlay สี] success≈0.635, fail≈0.021 (เกณฑ์ 0.06/0.06)
2025-10-22 18:54:53,260 INFO [overlay สี] ตัดสิน: success
2025-10-22 18:54:53,261 INFO [d2] ผล: สำเร็จ (+1) → success=1
2025-10-22 18:54:53,413 INFO [d2] stage=upgrade item_idx=8 target=+6 base=None succ=1
2025-10-22 18:54:53,414 INFO [d2] UPGRADE base=0 succ=1 cur=1 / target=+6
2025-10-22 18:54:54,011 INFO [ตรวจช่อง] ว่าง=False (เทมเพลต score=0.202 thr=0.85)
2025-10-22 18:54:54,013 INFO [d2] UPGRADE: click upgrade_btn @(844,626)
2025-10-22 18:54:57,632 INFO [overlay สี] success≈0.416, fail≈0.138 (เกณฑ์ 0.06/0.06)
2025-10-22 18:54:57,633 INFO [overlay] ยังไม่ชัดเจน
2025-10-22 18:54:58,726 INFO [overlay สี] success≈0.415, fail≈0.138 (เกณฑ์ 0.06/0.06)
2025-10-22 18:54:58,727 INFO [overlay] ยังไม่ชัดเจน
2025-10-22 18:54:59,837 INFO [overlay สี] success≈0.413, fail≈0.138 (เกณฑ์ 0.06/0.06)
2025-10-22 18:54:59,839 INFO [overlay] ยังไม่ชัดเจน
2025-10-22 18:54:59,841 INFO [d2] overlay ยังไม่ชัดเจน → จะลองต่อในรอบถัดไป
2025-10-22 18:54:59,993 INFO [d2] stage=upgrade item_idx=8 target=+6 base=None succ=1
2025-10-22 18:54:59,994 INFO [d2] UPGRADE base=0 succ=1 cur=1 / target=+6
2025-10-22 18:55:00,606 INFO [ตรวจช่อง] ว่าง=True (เทมเพลต score=0.992 thr=0.85)
2025-10-22 18:55:00,607 INFO [d2] ช่องว่าง (ไอเทมหาย/แตก) → ข้ามชิ้นนี้
2025-10-22 18:55:00,609 INFO [d2] heartbeat items=0 target=+6
2025-10-22 18:55:00,760 INFO [d2] stage=pick item_idx=9 target=+6 base=None succ=1
2025-10-22 18:55:00,762 INFO [d2] แตะไอเทม idx=3 @(465,170)
2025-10-22 18:55:02,883 INFO [d2] stage=inspect item_idx=9 target=+6 base=None succ=1
2025-10-22 18:55:03,083 INFO [d2] stage=inspect item_idx=9 target=+6 base=None succ=1
2025-10-22 18:55:03,708 INFO [OCR ก่อนใส่ลง] text='' → ระดับในวงเล็บ = None (roi 385,158,403x63)
2025-10-22 18:55:03,709 INFO [d2] ตัดสินใจ INSERT (level=None)
2025-10-22 18:55:03,710 INFO [d2] heartbeat items=0 target=+6
2025-10-22 18:55:03,862 INFO [d2] stage=insert item_idx=9 target=+6 base=None succ=0
2025-10-22 18:55:03,863 INFO [d2] INSERT: แตะไอเทม idx=3 @(465,170)
2025-10-22 18:55:05,824 INFO [d2] INSERT: try CV insert in roi=(522,524,427,132)
2025-10-22 18:55:07,270 INFO [INSERT] click at (739,551) score=0.970 thr=0.86
2025-10-22 18:55:09,360 INFO [d2] INSERT: done → รอ 0.5s
2025-10-22 18:55:09,861 INFO [d2] item timeout 30s → advance item
2025-10-22 18:55:09,863 INFO [d2] heartbeat items=0 target=+6
2025-10-22 18:55:10,014 INFO [d2] stage=pick item_idx=10 target=+6 base=None succ=0
2025-10-22 18:55:10,015 INFO [d2] แตะไอเทม idx=4 @(525,170)
2025-10-22 18:55:11,969 INFO [d2] stage=inspect item_idx=10 target=+6 base=None succ=0
2025-10-22 18:55:12,019 INFO [d2] heartbeat items=0 target=+6
2025-10-22 18:55:12,171 INFO [d2] stage=inspect item_idx=10 target=+6 base=None succ=0
2025-10-22 18:55:12,934 INFO [OCR ก่อนใส่ลง] text='' → ระดับในวงเล็บ = None (roi 385,158,403x63)
2025-10-22 18:55:12,936 INFO [d2] ตัดสินใจ INSERT (level=None)
2025-10-22 18:55:12,937 INFO [d2] heartbeat items=0 target=+6
2025-10-22 18:55:13,089 INFO [d2] stage=insert item_idx=10 target=+6 base=None succ=0
2025-10-22 18:55:13,090 INFO [d2] INSERT: แตะไอเทม idx=4 @(525,170)
2025-10-22 18:55:15,056 INFO [d2] INSERT: try CV insert in roi=(522,524,427,132)
2025-10-22 18:55:15,639 INFO [d2] stopping...
2025-10-22 18:55:16,570 INFO [INSERT] click at (800,551) score=0.970 thr=0.86
2025-10-22 18:55:18,609 INFO [d2] INSERT: done → รอ 0.5s
2025-10-22 18:55:19,261 INFO [d2] loop exit (state=stopping)
2025-10-22 18:55:19,263 INFO [d2] stopped
2025-10-22 18:58:42,350 INFO === BOOT OK / logger stdout test ===
2025-10-22 18:59:04,511 INFO [d2] start
2025-10-22 18:59:05,438 INFO [d2] loop start
2025-10-22 18:59:05,439 INFO [d2] เริ่มคอนเท็กซ์ใหม่ stage=pick item_idx=0
2025-10-22 18:59:05,441 INFO [d2] CFG slot_center=(849, 327)
2025-10-22 18:59:05,442 INFO [d2] CFG slot_status_roi=(x1=385,y1=158,w=403,h=63)
2025-10-22 18:59:05,443 INFO [d2] CFG slot_roi_size=[69,68]
2025-10-22 18:59:05,444 INFO [d2] CFG upgrade_btn=(844, 626)
2025-10-22 18:59:05,445 INFO [d2] CFG overlay_abs=(x1=710,y1=237,w=279,h=160)
2025-10-22 18:59:05,446 INFO [d2] CFG insert_roi=(x1=522,y1=524,w=427,h=132)
2025-10-22 18:59:05,448 INFO [d2] CFG items(len)=6 sample=[(285, 170), (345, 170), (405, 170), (465, 170), (525, 170), (585, 170)]
2025-10-22 18:59:05,449 INFO [d2] CFG swipe={'x': 270, 'y': 220, 'dy': -75, 'ms': 800}
2025-10-22 18:59:05,451 INFO [d2] stage=pick item_idx=0 target=+6 base=None succ=0
2025-10-22 18:59:05,452 INFO [d2] แตะไอเทม idx=0 @(285,170)
2025-10-22 18:59:07,800 INFO [d2] stage=inspect item_idx=0 target=+6 base=None succ=0
2025-10-22 18:59:08,000 INFO [d2] stage=inspect item_idx=0 target=+6 base=None succ=0
2025-10-22 18:59:08,952 INFO [OCR ก่อนใส่ลง] text='Sar Karl OO ~ WES JA' → ระดับในวงเล็บ = None (roi 385,158,403x63)
2025-10-22 18:59:08,954 INFO [d2] ตัดสินใจ INSERT (level=None)
2025-10-22 18:59:09,106 INFO [d2] stage=insert item_idx=0 target=+6 base=None succ=0
2025-10-22 18:59:09,108 INFO [d2] INSERT: แตะไอเทม idx=0 @(285,170)
2025-10-22 18:59:11,098 INFO [d2] INSERT: try CV insert in roi=(522,524,427,132)
2025-10-22 18:59:12,620 INFO [INSERT] click at (583,609) score=0.926 thr=0.86
2025-10-22 18:59:14,571 INFO [d2] INSERT: done → รอ 0.5s
2025-10-22 18:59:15,073 INFO [d2] heartbeat items=0 target=+6
2025-10-22 18:59:15,224 INFO [d2] stage=upgrade item_idx=0 target=+6 base=None succ=0
2025-10-22 18:59:15,226 INFO [d2] UPGRADE base=0 succ=0 cur=0 / target=+6
2025-10-22 18:59:15,823 INFO [ตรวจช่อง] ว่าง=False (เทมเพลต score=0.088 thr=0.85)
2025-10-22 18:59:15,824 INFO [d2] UPGRADE: click upgrade_btn @(844,626)
2025-10-22 18:59:19,741 INFO [overlay สี] success≈0.185, fail≈0.421 (เกณฑ์ 0.06/0.06)
2025-10-22 18:59:19,743 INFO [overlay] ยังไม่ชัดเจน
2025-10-22 18:59:20,786 INFO [overlay สี] success≈0.780, fail≈0.014 (เกณฑ์ 0.06/0.06)
2025-10-22 18:59:20,788 INFO [overlay สี] ตัดสิน: success
2025-10-22 18:59:20,789 INFO [d2] (ดีเลย์) สำเร็จ → success=1
2025-10-22 18:59:20,941 INFO [d2] stage=upgrade item_idx=0 target=+6 base=None succ=1
2025-10-22 18:59:20,942 INFO [d2] UPGRADE base=0 succ=1 cur=1 / target=+6
2025-10-22 18:59:21,584 INFO [ตรวจช่อง] ว่าง=False (เทมเพลต score=0.081 thr=0.85)
2025-10-22 18:59:21,586 INFO [d2] UPGRADE: click upgrade_btn @(844,626)
2025-10-22 18:59:25,443 INFO [overlay สี] success≈0.199, fail≈0.401 (เกณฑ์ 0.06/0.06)
2025-10-22 18:59:25,445 INFO [overlay] ยังไม่ชัดเจน
2025-10-22 18:59:26,495 INFO [overlay สี] success≈0.863, fail≈0.010 (เกณฑ์ 0.06/0.06)
2025-10-22 18:59:26,497 INFO [overlay สี] ตัดสิน: success
2025-10-22 18:59:26,499 INFO [d2] (ดีเลย์) สำเร็จ → success=2
2025-10-22 18:59:26,651 INFO [d2] stage=upgrade item_idx=0 target=+6 base=None succ=2
2025-10-22 18:59:26,652 INFO [d2] UPGRADE base=0 succ=2 cur=2 / target=+6
2025-10-22 18:59:27,342 INFO [ตรวจช่อง] ว่าง=False (เทมเพลต score=0.079 thr=0.85)
2025-10-22 18:59:27,344 INFO [d2] UPGRADE: click upgrade_btn @(844,626)
2025-10-22 18:59:31,161 INFO [overlay สี] success≈0.183, fail≈0.424 (เกณฑ์ 0.06/0.06)
2025-10-22 18:59:31,163 INFO [overlay] ยังไม่ชัดเจน
2025-10-22 18:59:32,254 INFO [overlay สี] success≈0.847, fail≈0.012 (เกณฑ์ 0.06/0.06)
2025-10-22 18:59:32,256 INFO [overlay สี] ตัดสิน: success
2025-10-22 18:59:32,257 INFO [d2] (ดีเลย์) สำเร็จ → success=3
2025-10-22 18:59:32,409 INFO [d2] stage=upgrade item_idx=0 target=+6 base=None succ=3
2025-10-22 18:59:32,410 INFO [d2] UPGRADE base=0 succ=3 cur=3 / target=+6
2025-10-22 18:59:33,089 INFO [ตรวจช่อง] ว่าง=False (เทมเพลต score=0.079 thr=0.85)
2025-10-22 18:59:33,090 INFO [d2] UPGRADE: click upgrade_btn @(844,626)
2025-10-22 18:59:36,851 INFO [overlay สี] success≈0.580, fail≈0.032 (เกณฑ์ 0.06/0.06)
2025-10-22 18:59:36,854 INFO [overlay สี] ตัดสิน: success
2025-10-22 18:59:36,855 INFO [d2] ผล: สำเร็จ (+1) → success=4
2025-10-22 18:59:36,857 INFO [d2] item timeout 30s → advance item
2025-10-22 18:59:36,858 INFO [d2] heartbeat items=0 target=+6
2025-10-22 18:59:37,010 INFO [d2] stage=pick item_idx=1 target=+6 base=None succ=4
2025-10-22 18:59:37,011 INFO [d2] แตะไอเทม idx=1 @(345,170)
2025-10-22 18:59:39,073 INFO [d2] heartbeat items=0 target=+6
2025-10-22 18:59:39,225 INFO [d2] stage=inspect item_idx=1 target=+6 base=None succ=4
2025-10-22 18:59:39,273 INFO [d2] heartbeat items=0 target=+6
2025-10-22 18:59:39,425 INFO [d2] stage=inspect item_idx=1 target=+6 base=None succ=4
2025-10-22 18:59:40,190 INFO [OCR ก่อนใส่ลง] text='ws lh Saeed nua UB' → ระดับในวงเล็บ = None (roi 385,158,403x63)
2025-10-22 18:59:40,192 INFO [d2] ตัดสินใจ INSERT (level=None)
2025-10-22 18:59:40,343 INFO [d2] stage=insert item_idx=1 target=+6 base=None succ=0
2025-10-22 18:59:40,345 INFO [d2] INSERT: แตะไอเทม idx=1 @(345,170)
2025-10-22 18:59:42,415 INFO [d2] INSERT: try CV insert in roi=(522,524,427,132)
2025-10-22 18:59:43,895 INFO [INSERT] click at (645,609) score=0.972 thr=0.86
2025-10-22 18:59:45,925 INFO [d2] INSERT: done → รอ 0.5s
2025-10-22 18:59:46,577 INFO [d2] stage=upgrade item_idx=1 target=+6 base=None succ=0
2025-10-22 18:59:46,579 INFO [d2] UPGRADE base=0 succ=0 cur=0 / target=+6
2025-10-22 18:59:47,234 INFO [ตรวจช่อง] ว่าง=False (เทมเพลต score=0.088 thr=0.85)
2025-10-22 18:59:47,236 INFO [d2] UPGRADE: click upgrade_btn @(844,626)
2025-10-22 18:59:50,894 INFO [overlay สี] success≈0.186, fail≈0.413 (เกณฑ์ 0.06/0.06)
2025-10-22 18:59:50,896 INFO [overlay] ยังไม่ชัดเจน
2025-10-22 18:59:52,030 INFO [overlay สี] success≈0.846, fail≈0.012 (เกณฑ์ 0.06/0.06)
2025-10-22 18:59:52,031 INFO [overlay สี] ตัดสิน: success
2025-10-22 18:59:52,033 INFO [d2] (ดีเลย์) สำเร็จ → success=1
2025-10-22 18:59:52,185 INFO [d2] stage=upgrade item_idx=1 target=+6 base=None succ=1
2025-10-22 18:59:52,186 INFO [d2] UPGRADE base=0 succ=1 cur=1 / target=+6
2025-10-22 18:59:52,806 INFO [ตรวจช่อง] ว่าง=False (เทมเพลต score=0.081 thr=0.85)
2025-10-22 18:59:52,808 INFO [d2] UPGRADE: click upgrade_btn @(844,626)
2025-10-22 18:59:56,486 INFO [overlay สี] success≈0.194, fail≈0.422 (เกณฑ์ 0.06/0.06)
2025-10-22 18:59:56,488 INFO [overlay] ยังไม่ชัดเจน
2025-10-22 18:59:57,491 INFO [overlay สี] success≈0.857, fail≈0.011 (เกณฑ์ 0.06/0.06)
2025-10-22 18:59:57,492 INFO [overlay สี] ตัดสิน: success
2025-10-22 18:59:57,493 INFO [d2] (ดีเลย์) สำเร็จ → success=2
2025-10-22 18:59:57,494 INFO [d2] heartbeat items=0 target=+6
2025-10-22 18:59:57,645 INFO [d2] stage=upgrade item_idx=1 target=+6 base=None succ=2
2025-10-22 18:59:57,647 INFO [d2] UPGRADE base=0 succ=2 cur=2 / target=+6
2025-10-22 18:59:58,313 INFO [ตรวจช่อง] ว่าง=False (เทมเพลต score=0.079 thr=0.85)
2025-10-22 18:59:58,315 INFO [d2] UPGRADE: click upgrade_btn @(844,626)
2025-10-22 19:00:02,150 INFO [overlay สี] success≈0.184, fail≈0.422 (เกณฑ์ 0.06/0.06)
2025-10-22 19:00:02,152 INFO [overlay] ยังไม่ชัดเจน
2025-10-22 19:00:03,275 INFO [overlay สี] success≈0.704, fail≈0.022 (เกณฑ์ 0.06/0.06)
2025-10-22 19:00:03,277 INFO [overlay สี] ตัดสิน: success
2025-10-22 19:00:03,278 INFO [d2] (ดีเลย์) สำเร็จ → success=3
2025-10-22 19:00:03,279 INFO [d2] heartbeat items=0 target=+6
2025-10-22 19:00:03,431 INFO [d2] stage=upgrade item_idx=1 target=+6 base=None succ=3
2025-10-22 19:00:03,432 INFO [d2] UPGRADE base=0 succ=3 cur=3 / target=+6
2025-10-22 19:00:04,098 INFO [ตรวจช่อง] ว่าง=False (เทมเพลต score=0.079 thr=0.85)
2025-10-22 19:00:04,099 INFO [d2] UPGRADE: click upgrade_btn @(844,626)
2025-10-22 19:00:07,811 INFO [overlay สี] success≈0.178, fail≈0.405 (เกณฑ์ 0.06/0.06)
2025-10-22 19:00:07,812 INFO [overlay] ยังไม่ชัดเจน
2025-10-22 19:00:08,865 INFO [overlay สี] success≈0.871, fail≈0.008 (เกณฑ์ 0.06/0.06)
2025-10-22 19:00:08,867 INFO [overlay สี] ตัดสิน: success
2025-10-22 19:00:08,868 INFO [d2] (ดีเลย์) สำเร็จ → success=4
2025-10-22 19:00:08,870 INFO [d2] item timeout 30s → advance item
2025-10-22 19:00:09,021 INFO [d2] stage=pick item_idx=2 target=+6 base=None succ=4
2025-10-22 19:00:09,022 INFO [d2] แตะไอเทม idx=2 @(405,170)
2025-10-22 19:00:11,313 INFO [d2] stage=inspect item_idx=2 target=+6 base=None succ=4
2025-10-22 19:00:11,513 INFO [d2] stage=inspect item_idx=2 target=+6 base=None succ=4
2025-10-22 19:00:12,335 INFO [OCR ก่อนใส่ลง] text='a ate _ UA' → ระดับในวงเล็บ = None (roi 385,158,403x63)
2025-10-22 19:00:12,336 INFO [d2] ตัดสินใจ INSERT (level=None)
2025-10-22 19:00:12,338 INFO [d2] heartbeat items=0 target=+6
2025-10-22 19:00:12,489 INFO [d2] stage=insert item_idx=2 target=+6 base=None succ=0
2025-10-22 19:00:12,491 INFO [d2] INSERT: แตะไอเทม idx=2 @(405,170)
2025-10-22 19:00:14,511 INFO [d2] INSERT: try CV insert in roi=(522,524,427,132)
2025-10-22 19:00:16,056 INFO [INSERT] click at (706,609) score=0.956 thr=0.86
2025-10-22 19:00:18,161 INFO [d2] INSERT: done → รอ 0.5s
2025-10-22 19:00:18,662 INFO [d2] heartbeat items=0 target=+6
2025-10-22 19:00:18,814 INFO [d2] stage=upgrade item_idx=2 target=+6 base=None succ=0
2025-10-22 19:00:18,815 INFO [d2] UPGRADE base=0 succ=0 cur=0 / target=+6
2025-10-22 19:00:19,555 INFO [ตรวจช่อง] ว่าง=False (เทมเพลต score=0.088 thr=0.85)
2025-10-22 19:00:19,556 INFO [d2] UPGRADE: click upgrade_btn @(844,626)
2025-10-22 19:00:23,327 INFO [overlay สี] success≈0.194, fail≈0.421 (เกณฑ์ 0.06/0.06)
2025-10-22 19:00:23,329 INFO [overlay] ยังไม่ชัดเจน
2025-10-22 19:00:24,345 INFO [overlay สี] success≈0.850, fail≈0.012 (เกณฑ์ 0.06/0.06)
2025-10-22 19:00:24,346 INFO [overlay สี] ตัดสิน: success
2025-10-22 19:00:24,348 INFO [d2] (ดีเลย์) สำเร็จ → success=1
2025-10-22 19:00:24,349 INFO [d2] heartbeat items=0 target=+6
2025-10-22 19:00:24,500 INFO [d2] stage=upgrade item_idx=2 target=+6 base=None succ=1
2025-10-22 19:00:24,501 INFO [d2] UPGRADE base=0 succ=1 cur=1 / target=+6
2025-10-22 19:00:25,196 INFO [ตรวจช่อง] ว่าง=False (เทมเพลต score=0.081 thr=0.85)
2025-10-22 19:00:25,198 INFO [d2] UPGRADE: click upgrade_btn @(844,626)
2025-10-22 19:00:28,773 INFO [overlay สี] success≈0.181, fail≈0.436 (เกณฑ์ 0.06/0.06)
2025-10-22 19:00:28,774 INFO [overlay] ยังไม่ชัดเจน
2025-10-22 19:00:29,797 INFO [overlay สี] success≈0.871, fail≈0.008 (เกณฑ์ 0.06/0.06)
2025-10-22 19:00:29,798 INFO [overlay สี] ตัดสิน: success
2025-10-22 19:00:29,800 INFO [d2] (ดีเลย์) สำเร็จ → success=2
2025-10-22 19:00:29,951 INFO [d2] stage=upgrade item_idx=2 target=+6 base=None succ=2
2025-10-22 19:00:29,952 INFO [d2] UPGRADE base=0 succ=2 cur=2 / target=+6
2025-10-22 19:00:30,572 INFO [ตรวจช่อง] ว่าง=False (เทมเพลต score=0.079 thr=0.85)
2025-10-22 19:00:30,573 INFO [d2] UPGRADE: click upgrade_btn @(844,626)
2025-10-22 19:00:34,400 INFO [overlay สี] success≈0.187, fail≈0.435 (เกณฑ์ 0.06/0.06)
2025-10-22 19:00:34,402 INFO [overlay] ยังไม่ชัดเจน
2025-10-22 19:00:35,481 INFO [overlay สี] success≈0.800, fail≈0.013 (เกณฑ์ 0.06/0.06)
2025-10-22 19:00:35,483 INFO [overlay สี] ตัดสิน: success
2025-10-22 19:00:35,484 INFO [d2] (ดีเลย์) สำเร็จ → success=3
2025-10-22 19:00:35,635 INFO [d2] stage=upgrade item_idx=2 target=+6 base=None succ=3
2025-10-22 19:00:35,637 INFO [d2] UPGRADE base=0 succ=3 cur=3 / target=+6
2025-10-22 19:00:36,313 INFO [ตรวจช่อง] ว่าง=False (เทมเพลต score=0.079 thr=0.85)
2025-10-22 19:00:36,314 INFO [d2] UPGRADE: click upgrade_btn @(844,626)
2025-10-22 19:00:40,158 INFO [overlay สี] success≈0.573, fail≈0.032 (เกณฑ์ 0.06/0.06)
2025-10-22 19:00:40,160 INFO [overlay สี] ตัดสิน: success
2025-10-22 19:00:40,161 INFO [d2] ผล: สำเร็จ (+1) → success=4
2025-10-22 19:00:40,163 INFO [d2] item timeout 30s → advance item
2025-10-22 19:00:40,315 INFO [d2] stage=pick item_idx=3 target=+6 base=None succ=4
2025-10-22 19:00:40,316 INFO [d2] แตะไอเทม idx=3 @(465,170)
2025-10-22 19:00:42,376 INFO [d2] heartbeat items=0 target=+6
2025-10-22 19:00:42,528 INFO [d2] stage=inspect item_idx=3 target=+6 base=None succ=4
2025-10-22 19:00:42,576 INFO [d2] heartbeat items=0 target=+6
2025-10-22 19:00:42,727 INFO [d2] stage=inspect item_idx=3 target=+6 base=None succ=4
2025-10-22 19:00:43,504 INFO [OCR ก่อนใส่ลง] text='mid Birger ici = 16' → ระดับในวงเล็บ = None (roi 385,158,403x63)
2025-10-22 19:00:43,505 INFO [d2] ตัดสินใจ INSERT (level=None)
2025-10-22 19:00:43,657 INFO [d2] stage=insert item_idx=3 target=+6 base=None succ=0
2025-10-22 19:00:43,658 INFO [d2] INSERT: แตะไอเทม idx=3 @(465,170)
2025-10-22 19:00:45,658 INFO [d2] INSERT: try CV insert in roi=(522,524,427,132)
2025-10-22 19:00:47,101 INFO [INSERT] click at (788,609) score=0.945 thr=0.86
2025-10-22 19:00:49,223 INFO [d2] INSERT: done → รอ 0.5s
2025-10-22 19:00:49,875 INFO [d2] stage=upgrade item_idx=3 target=+6 base=None succ=0
2025-10-22 19:00:49,877 INFO [d2] UPGRADE base=0 succ=0 cur=0 / target=+6
2025-10-22 19:00:50,538 INFO [ตรวจช่อง] ว่าง=False (เทมเพลต score=0.048 thr=0.85)
2025-10-22 19:00:50,539 INFO [d2] UPGRADE: click upgrade_btn @(844,626)
2025-10-22 19:00:54,358 INFO [overlay สี] success≈0.189, fail≈0.421 (เกณฑ์ 0.06/0.06)
2025-10-22 19:00:54,359 INFO [overlay] ยังไม่ชัดเจน
2025-10-22 19:00:55,390 INFO [overlay สี] success≈0.829, fail≈0.011 (เกณฑ์ 0.06/0.06)
2025-10-22 19:00:55,392 INFO [overlay สี] ตัดสิน: success
2025-10-22 19:00:55,393 INFO [d2] (ดีเลย์) สำเร็จ → success=1
2025-10-22 19:00:55,544 INFO [d2] stage=upgrade item_idx=3 target=+6 base=None succ=1
2025-10-22 19:00:55,546 INFO [d2] UPGRADE base=0 succ=1 cur=1 / target=+6
2025-10-22 19:00:56,252 INFO [ตรวจช่อง] ว่าง=False (เทมเพลต score=0.037 thr=0.85)
2025-10-22 19:00:56,253 INFO [d2] UPGRADE: click upgrade_btn @(844,626)
2025-10-22 19:01:00,130 INFO [overlay สี] success≈0.179, fail≈0.421 (เกณฑ์ 0.06/0.06)
2025-10-22 19:01:00,131 INFO [overlay] ยังไม่ชัดเจน
2025-10-22 19:01:01,092 INFO [overlay สี] success≈0.835, fail≈0.011 (เกณฑ์ 0.06/0.06)
2025-10-22 19:01:01,093 INFO [overlay สี] ตัดสิน: success
2025-10-22 19:01:01,095 INFO [d2] (ดีเลย์) สำเร็จ → success=2
2025-10-22 19:01:01,246 INFO [d2] stage=upgrade item_idx=3 target=+6 base=None succ=2
2025-10-22 19:01:01,248 INFO [d2] UPGRADE base=0 succ=2 cur=2 / target=+6
2025-10-22 19:01:01,858 INFO [ตรวจช่อง] ว่าง=False (เทมเพลต score=0.036 thr=0.85)
2025-10-22 19:01:01,860 INFO [d2] UPGRADE: click upgrade_btn @(844,626)
2025-10-22 19:01:05,410 INFO [overlay สี] success≈0.182, fail≈0.405 (เกณฑ์ 0.06/0.06)
2025-10-22 19:01:05,413 INFO [overlay] ยังไม่ชัดเจน
2025-10-22 19:01:06,387 INFO [overlay สี] success≈0.870, fail≈0.007 (เกณฑ์ 0.06/0.06)
2025-10-22 19:01:06,388 INFO [overlay สี] ตัดสิน: success
2025-10-22 19:01:06,389 INFO [d2] (ดีเลย์) สำเร็จ → success=3
2025-10-22 19:01:06,390 INFO [d2] heartbeat items=0 target=+6
2025-10-22 19:01:06,541 INFO [d2] stage=upgrade item_idx=3 target=+6 base=None succ=3
2025-10-22 19:01:06,543 INFO [d2] UPGRADE base=0 succ=3 cur=3 / target=+6
2025-10-22 19:01:07,212 INFO [ตรวจช่อง] ว่าง=False (เทมเพลต score=0.037 thr=0.85)
2025-10-22 19:01:07,213 INFO [d2] UPGRADE: click upgrade_btn @(844,626)
2025-10-22 19:01:10,861 INFO [overlay สี] success≈0.172, fail≈0.421 (เกณฑ์ 0.06/0.06)
2025-10-22 19:01:10,862 INFO [overlay] ยังไม่ชัดเจน
2025-10-22 19:01:11,883 INFO [overlay สี] success≈0.870, fail≈0.005 (เกณฑ์ 0.06/0.06)
2025-10-22 19:01:11,884 INFO [overlay สี] ตัดสิน: success
2025-10-22 19:01:11,886 INFO [d2] (ดีเลย์) สำเร็จ → success=4
2025-10-22 19:01:11,887 INFO [d2] item timeout 30s → advance item
2025-10-22 19:01:12,039 INFO [d2] stage=pick item_idx=4 target=+6 base=None succ=4
2025-10-22 19:01:12,041 INFO [d2] แตะไอเทม idx=4 @(525,170)
2025-10-22 19:01:14,085 INFO [d2] stage=inspect item_idx=4 target=+6 base=None succ=4
2025-10-22 19:01:14,285 INFO [d2] stage=inspect item_idx=4 target=+6 base=None succ=4
2025-10-22 19:01:15,115 INFO [OCR ก่อนใส่ลง] text='' → ระดับในวงเล็บ = None (roi 385,158,403x63)
2025-10-22 19:01:15,117 INFO [d2] ตัดสินใจ INSERT (level=None)
2025-10-22 19:01:15,118 INFO [d2] heartbeat items=0 target=+6
2025-10-22 19:01:15,270 INFO [d2] stage=insert item_idx=4 target=+6 base=None succ=0
2025-10-22 19:01:15,272 INFO [d2] INSERT: แตะไอเทม idx=4 @(525,170)
2025-10-22 19:01:17,428 INFO [d2] INSERT: try CV insert in roi=(522,524,427,132)
2025-10-22 19:01:18,763 INFO [INSERT] click at (849,609) score=0.918 thr=0.86
2025-10-22 19:01:20,840 INFO [d2] INSERT: done → รอ 0.5s
2025-10-22 19:01:21,342 INFO [d2] heartbeat items=0 target=+6
2025-10-22 19:01:21,493 INFO [d2] stage=upgrade item_idx=4 target=+6 base=None succ=0
2025-10-22 19:01:21,495 INFO [d2] UPGRADE base=0 succ=0 cur=0 / target=+6
2025-10-22 19:01:22,159 INFO [ตรวจช่อง] ว่าง=False (เทมเพลต score=0.048 thr=0.85)
2025-10-22 19:01:22,161 INFO [d2] UPGRADE: click upgrade_btn @(844,626)
2025-10-22 19:01:25,797 INFO [overlay สี] success≈0.177, fail≈0.433 (เกณฑ์ 0.06/0.06)
2025-10-22 19:01:25,798 INFO [overlay] ยังไม่ชัดเจน
2025-10-22 19:01:26,861 INFO [overlay สี] success≈0.870, fail≈0.007 (เกณฑ์ 0.06/0.06)
2025-10-22 19:01:26,863 INFO [overlay สี] ตัดสิน: success
2025-10-22 19:01:26,864 INFO [d2] (ดีเลย์) สำเร็จ → success=1
2025-10-22 19:01:27,015 INFO [d2] stage=upgrade item_idx=4 target=+6 base=None succ=1
2025-10-22 19:01:27,017 INFO [d2] UPGRADE base=0 succ=1 cur=1 / target=+6
2025-10-22 19:01:27,730 INFO [ตรวจช่อง] ว่าง=False (เทมเพลต score=0.037 thr=0.85)
2025-10-22 19:01:27,731 INFO [d2] UPGRADE: click upgrade_btn @(844,626)
2025-10-22 19:01:31,497 INFO [overlay สี] success≈0.194, fail≈0.413 (เกณฑ์ 0.06/0.06)
2025-10-22 19:01:31,498 INFO [overlay] ยังไม่ชัดเจน
2025-10-22 19:01:32,606 INFO [overlay สี] success≈0.801, fail≈0.012 (เกณฑ์ 0.06/0.06)
2025-10-22 19:01:32,608 INFO [overlay สี] ตัดสิน: success
2025-10-22 19:01:32,609 INFO [d2] (ดีเลย์) สำเร็จ → success=2
2025-10-22 19:01:32,760 INFO [d2] stage=upgrade item_idx=4 target=+6 base=None succ=2
2025-10-22 19:01:32,762 INFO [d2] UPGRADE base=0 succ=2 cur=2 / target=+6
2025-10-22 19:01:33,326 INFO [ตรวจช่อง] ว่าง=False (เทมเพลต score=0.036 thr=0.85)
2025-10-22 19:01:33,327 INFO [d2] UPGRADE: click upgrade_btn @(844,626)
2025-10-22 19:01:36,978 INFO [overlay สี] success≈0.173, fail≈0.432 (เกณฑ์ 0.06/0.06)
2025-10-22 19:01:36,979 INFO [overlay] ยังไม่ชัดเจน
2025-10-22 19:01:38,079 INFO [overlay สี] success≈0.867, fail≈0.005 (เกณฑ์ 0.06/0.06)
2025-10-22 19:01:38,080 INFO [overlay สี] ตัดสิน: success
2025-10-22 19:01:38,082 INFO [d2] (ดีเลย์) สำเร็จ → success=3
2025-10-22 19:01:38,233 INFO [d2] stage=upgrade item_idx=4 target=+6 base=None succ=3
2025-10-22 19:01:38,235 INFO [d2] UPGRADE base=0 succ=3 cur=3 / target=+6
2025-10-22 19:01:38,899 INFO [ตรวจช่อง] ว่าง=False (เทมเพลต score=0.037 thr=0.85)
2025-10-22 19:01:38,901 INFO [d2] UPGRADE: click upgrade_btn @(844,626)
2025-10-22 19:01:42,644 INFO [overlay สี] success≈0.576, fail≈0.032 (เกณฑ์ 0.06/0.06)
2025-10-22 19:01:42,645 INFO [overlay สี] ตัดสิน: success
2025-10-22 19:01:42,647 INFO [d2] ผล: สำเร็จ (+1) → success=4
2025-10-22 19:01:42,648 INFO [d2] item timeout 30s → advance item
2025-10-22 19:01:42,649 INFO [d2] heartbeat items=0 target=+6
2025-10-22 19:01:42,801 INFO [d2] stage=pick item_idx=5 target=+6 base=None succ=4
2025-10-22 19:01:42,803 INFO [d2] แตะไอเทม idx=5 @(585,170)
2025-10-22 19:01:44,968 INFO [d2] stage=inspect item_idx=5 target=+6 base=None succ=4
2025-10-22 19:01:45,018 INFO [d2] heartbeat items=0 target=+6
2025-10-22 19:01:45,170 INFO [d2] stage=inspect item_idx=5 target=+6 base=None succ=4
2025-10-22 19:01:45,914 INFO [OCR ก่อนใส่ลง] text='AS SESS eration' → ระดับในวงเล็บ = None (roi 385,158,403x63)
2025-10-22 19:01:45,916 INFO [d2] ตัดสินใจ INSERT (level=None)
2025-10-22 19:01:45,917 INFO [d2] heartbeat items=0 target=+6
2025-10-22 19:01:46,069 INFO [d2] stage=insert item_idx=5 target=+6 base=None succ=0
2025-10-22 19:01:46,070 INFO [d2] INSERT: แตะไอเทม idx=5 @(585,170)
2025-10-22 19:01:47,966 INFO [d2] INSERT: try CV insert in roi=(522,524,427,132)
2025-10-22 19:01:49,399 WARNING [INSERT] หา/กดปุ่ม 'ใส่ลง' ไม่เจอใน ROI
2025-10-22 19:01:49,401 WARNING [d2] INSERT: CV not found → fallback slot_center @(849,327)
2025-10-22 19:01:50,977 INFO [d2] stopping...
2025-10-22 19:01:51,645 INFO [d2] INSERT: done → รอ 0.5s
2025-10-22 19:01:52,298 INFO [d2] loop exit (state=stopping)
2025-10-22 19:01:52,299 INFO [d2] stopped
2025-10-22 19:02:06,007 INFO [d2] start
2025-10-22 19:02:06,907 INFO [d2] loop start
2025-10-22 19:02:06,909 INFO [d2] stage=upgrade item_idx=5 target=+6 base=None succ=0
2025-10-22 19:02:06,910 INFO [d2] UPGRADE base=0 succ=0 cur=0 / target=+6
2025-10-22 19:02:07,695 INFO [ตรวจช่อง] ว่าง=False (เทมเพลต score=0.036 thr=0.85)
2025-10-22 19:02:07,697 INFO [d2] UPGRADE: click upgrade_btn @(844,626)
2025-10-22 19:02:11,563 INFO [overlay สี] success≈0.579, fail≈0.033 (เกณฑ์ 0.06/0.06)
2025-10-22 19:02:11,565 INFO [overlay สี] ตัดสิน: success
2025-10-22 19:02:11,567 INFO [d2] ผล: สำเร็จ (+1) → success=1
2025-10-22 19:02:11,719 INFO [d2] stage=upgrade item_idx=5 target=+6 base=None succ=1
2025-10-22 19:02:11,720 INFO [d2] UPGRADE base=0 succ=1 cur=1 / target=+6
2025-10-22 19:02:12,480 INFO [ตรวจช่อง] ว่าง=False (เทมเพลต score=0.193 thr=0.85)
2025-10-22 19:02:12,481 INFO [d2] UPGRADE: click upgrade_btn @(844,626)
2025-10-22 19:02:16,166 INFO [overlay สี] success≈0.174, fail≈0.432 (เกณฑ์ 0.06/0.06)
2025-10-22 19:02:16,168 INFO [overlay] ยังไม่ชัดเจน
2025-10-22 19:02:17,230 INFO [overlay สี] success≈0.858, fail≈0.008 (เกณฑ์ 0.06/0.06)
2025-10-22 19:02:17,231 INFO [overlay สี] ตัดสิน: success
2025-10-22 19:02:17,232 INFO [d2] (ดีเลย์) สำเร็จ → success=2
2025-10-22 19:02:17,384 INFO [d2] stage=upgrade item_idx=5 target=+6 base=None succ=2
2025-10-22 19:02:17,386 INFO [d2] UPGRADE base=0 succ=2 cur=2 / target=+6
2025-10-22 19:02:18,014 INFO [ตรวจช่อง] ว่าง=False (เทมเพลต score=0.037 thr=0.85)
2025-10-22 19:02:18,016 INFO [d2] UPGRADE: click upgrade_btn @(844,626)
2025-10-22 19:02:21,565 INFO [overlay สี] success≈0.641, fail≈0.020 (เกณฑ์ 0.06/0.06)
2025-10-22 19:02:21,566 INFO [overlay สี] ตัดสิน: success
2025-10-22 19:02:21,568 INFO [d2] ผล: สำเร็จ (+1) → success=3
2025-10-22 19:02:21,570 INFO [d2] heartbeat items=0 target=+6
2025-10-22 19:02:21,723 INFO [d2] stage=upgrade item_idx=5 target=+6 base=None succ=3
2025-10-22 19:02:21,724 INFO [d2] UPGRADE base=0 succ=3 cur=3 / target=+6
2025-10-22 19:02:22,388 INFO [ตรวจช่อง] ว่าง=False (เทมเพลต score=0.201 thr=0.85)
2025-10-22 19:02:22,389 INFO [d2] UPGRADE: click upgrade_btn @(844,626)
2025-10-22 19:02:26,170 INFO [overlay สี] success≈0.402, fail≈0.138 (เกณฑ์ 0.06/0.06)
2025-10-22 19:02:26,171 INFO [overlay] ยังไม่ชัดเจน
2025-10-22 19:02:27,202 INFO [overlay สี] success≈0.405, fail≈0.138 (เกณฑ์ 0.06/0.06)
2025-10-22 19:02:27,204 INFO [overlay] ยังไม่ชัดเจน
2025-10-22 19:02:28,307 INFO [overlay สี] success≈0.407, fail≈0.138 (เกณฑ์ 0.06/0.06)
2025-10-22 19:02:28,308 INFO [overlay] ยังไม่ชัดเจน
2025-10-22 19:02:28,309 INFO [d2] overlay ยังไม่ชัดเจน → จะลองต่อในรอบถัดไป
2025-10-22 19:02:28,460 INFO [d2] stage=upgrade item_idx=5 target=+6 base=None succ=3
2025-10-22 19:02:28,462 INFO [d2] UPGRADE base=0 succ=3 cur=3 / target=+6
2025-10-22 19:02:29,203 INFO [ตรวจช่อง] ว่าง=True (เทมเพลต score=0.992 thr=0.85)
2025-10-22 19:02:29,204 INFO [d2] ช่องว่าง (ไอเทมหาย/แตก) → ข้ามชิ้นนี้
2025-10-22 19:02:29,205 INFO [d2] เลื่อนถาด x=270 y=220 dy=-75 ms=800
2025-10-22 19:02:32,464 INFO [d2] stage=pick item_idx=6 target=+6 base=None succ=3
2025-10-22 19:02:32,466 INFO [d2] แตะไอเทม idx=0 @(285,170)
2025-10-22 19:02:34,625 INFO [d2] stage=inspect item_idx=6 target=+6 base=None succ=3
2025-10-22 19:02:34,827 INFO [d2] stage=inspect item_idx=6 target=+6 base=None succ=3
2025-10-22 19:02:35,546 INFO [OCR ก่อนใส่ลง] text='Sheet A “eS: Ya' → ระดับในวงเล็บ = None (roi 385,158,403x63)
2025-10-22 19:02:35,547 INFO [d2] ตัดสินใจ INSERT (level=None)
2025-10-22 19:02:35,698 INFO [d2] stage=insert item_idx=6 target=+6 base=None succ=0
2025-10-22 19:02:35,700 INFO [d2] INSERT: แตะไอเทม idx=0 @(285,170)
2025-10-22 19:02:37,661 INFO [d2] INSERT: try CV insert in roi=(522,524,427,132)
2025-10-22 19:02:39,057 INFO [INSERT] click at (604,607) score=0.926 thr=0.86
2025-10-22 19:02:40,907 INFO [d2] INSERT: done → รอ 0.5s
2025-10-22 19:02:41,408 INFO [d2] item timeout 30s → advance item
2025-10-22 19:02:41,560 INFO [d2] stage=pick item_idx=7 target=+6 base=None succ=0
2025-10-22 19:02:41,561 INFO [d2] แตะไอเทม idx=1 @(345,170)
2025-10-22 19:02:43,804 INFO [d2] stage=inspect item_idx=7 target=+6 base=None succ=0
2025-10-22 19:02:44,004 INFO [d2] stage=inspect item_idx=7 target=+6 base=None succ=0
2025-10-22 19:02:44,700 INFO [OCR ก่อนใส่ลง] text='rd caneeiniia Mae YB' → ระดับในวงเล็บ = None (roi 385,158,403x63)
2025-10-22 19:02:44,701 INFO [d2] ตัดสินใจ INSERT (level=None)
2025-10-22 19:02:44,852 INFO [d2] stage=insert item_idx=7 target=+6 base=None succ=0
2025-10-22 19:02:44,854 INFO [d2] INSERT: แตะไอเทม idx=1 @(345,170)
2025-10-22 19:02:46,875 INFO [d2] INSERT: try CV insert in roi=(522,524,427,132)
2025-10-22 19:02:48,430 INFO [INSERT] click at (665,607) score=0.951 thr=0.86
2025-10-22 19:02:50,402 INFO [d2] INSERT: done → รอ 0.5s
2025-10-22 19:02:51,054 INFO [d2] stage=upgrade item_idx=7 target=+6 base=None succ=0
2025-10-22 19:02:51,055 INFO [d2] UPGRADE base=0 succ=0 cur=0 / target=+6
2025-10-22 19:02:51,642 INFO [ตรวจช่อง] ว่าง=False (เทมเพลต score=0.048 thr=0.85)
2025-10-22 19:02:51,644 INFO [d2] UPGRADE: click upgrade_btn @(844,626)
2025-10-22 19:02:55,531 INFO [overlay สี] success≈0.199, fail≈0.362 (เกณฑ์ 0.06/0.06)
2025-10-22 19:02:55,532 INFO [overlay] ยังไม่ชัดเจน
2025-10-22 19:02:56,569 INFO [overlay สี] success≈0.859, fail≈0.008 (เกณฑ์ 0.06/0.06)
2025-10-22 19:02:56,570 INFO [overlay สี] ตัดสิน: success
2025-10-22 19:02:56,571 INFO [d2] (ดีเลย์) สำเร็จ → success=1
2025-10-22 19:02:56,723 INFO [d2] stage=upgrade item_idx=7 target=+6 base=None succ=1
2025-10-22 19:02:56,724 INFO [d2] UPGRADE base=0 succ=1 cur=1 / target=+6
2025-10-22 19:02:57,404 INFO [ตรวจช่อง] ว่าง=False (เทมเพลต score=0.037 thr=0.85)
2025-10-22 19:02:57,406 INFO [d2] UPGRADE: click upgrade_btn @(844,626)
2025-10-22 19:03:01,291 INFO [overlay สี] success≈0.192, fail≈0.413 (เกณฑ์ 0.06/0.06)
2025-10-22 19:03:01,292 INFO [overlay] ยังไม่ชัดเจน
2025-10-22 19:03:02,429 INFO [overlay สี] success≈0.848, fail≈0.010 (เกณฑ์ 0.06/0.06)
2025-10-22 19:03:02,430 INFO [overlay สี] ตัดสิน: success
2025-10-22 19:03:02,431 INFO [d2] (ดีเลย์) สำเร็จ → success=2
2025-10-22 19:03:02,583 INFO [d2] stage=upgrade item_idx=7 target=+6 base=None succ=2
2025-10-22 19:03:02,584 INFO [d2] UPGRADE base=0 succ=2 cur=2 / target=+6
2025-10-22 19:03:03,171 INFO [ตรวจช่อง] ว่าง=False (เทมเพลต score=0.036 thr=0.85)
2025-10-22 19:03:03,172 INFO [d2] UPGRADE: click upgrade_btn @(844,626)
2025-10-22 19:03:06,960 INFO [overlay สี] success≈0.183, fail≈0.413 (เกณฑ์ 0.06/0.06)
2025-10-22 19:03:06,961 INFO [overlay] ยังไม่ชัดเจน
2025-10-22 19:03:07,917 INFO [overlay สี] success≈0.794, fail≈0.012 (เกณฑ์ 0.06/0.06)
2025-10-22 19:03:07,918 INFO [overlay สี] ตัดสิน: success
2025-10-22 19:03:07,920 INFO [d2] (ดีเลย์) สำเร็จ → success=3
2025-10-22 19:03:08,072 INFO [d2] stage=upgrade item_idx=7 target=+6 base=None succ=3
2025-10-22 19:03:08,074 INFO [d2] UPGRADE base=0 succ=3 cur=3 / target=+6
2025-10-22 19:03:08,820 INFO [ตรวจช่อง] ว่าง=False (เทมเพลต score=0.037 thr=0.85)
2025-10-22 19:03:08,821 INFO [d2] UPGRADE: click upgrade_btn @(844,626)
2025-10-22 19:03:12,606 INFO [overlay สี] success≈0.190, fail≈0.421 (เกณฑ์ 0.06/0.06)
2025-10-22 19:03:12,608 INFO [overlay] ยังไม่ชัดเจน
2025-10-22 19:03:13,647 INFO [overlay สี] success≈0.829, fail≈0.011 (เกณฑ์ 0.06/0.06)
2025-10-22 19:03:13,648 INFO [overlay สี] ตัดสิน: success
2025-10-22 19:03:13,650 INFO [d2] (ดีเลย์) สำเร็จ → success=4
2025-10-22 19:03:13,652 INFO [d2] item timeout 30s → advance item
2025-10-22 19:03:13,805 INFO [d2] stage=pick item_idx=8 target=+6 base=None succ=4
2025-10-22 19:03:13,806 INFO [d2] แตะไอเทม idx=2 @(405,170)
2025-10-22 19:03:15,876 INFO [d2] heartbeat items=0 target=+6
2025-10-22 19:03:16,028 INFO [d2] stage=inspect item_idx=8 target=+6 base=None succ=4
2025-10-22 19:03:16,227 INFO [d2] stage=inspect item_idx=8 target=+6 base=None succ=4
2025-10-22 19:03:17,015 INFO [OCR ก่อนใส่ลง] text='a eT . JP' → ระดับในวงเล็บ = None (roi 385,158,403x63)
2025-10-22 19:03:17,016 INFO [d2] ตัดสินใจ INSERT (level=None)
2025-10-22 19:03:17,167 INFO [d2] stage=insert item_idx=8 target=+6 base=None succ=0
2025-10-22 19:03:17,169 INFO [d2] INSERT: แตะไอเทม idx=2 @(405,170)
2025-10-22 19:03:19,145 INFO [d2] INSERT: try CV insert in roi=(522,524,427,132)
2025-10-22 19:03:20,648 INFO [INSERT] click at (727,607) score=0.931 thr=0.86
2025-10-22 19:03:22,794 INFO [d2] INSERT: done → รอ 0.5s
2025-10-22 19:03:23,446 INFO [d2] stage=upgrade item_idx=8 target=+6 base=None succ=0
2025-10-22 19:03:23,448 INFO [d2] UPGRADE base=0 succ=0 cur=0 / target=+6
2025-10-22 19:03:24,095 INFO [ตรวจช่อง] ว่าง=False (เทมเพลต score=0.048 thr=0.85)
2025-10-22 19:03:24,097 INFO [d2] UPGRADE: click upgrade_btn @(844,626)
2025-10-22 19:03:28,158 INFO [overlay สี] success≈0.181, fail≈0.412 (เกณฑ์ 0.06/0.06)
2025-10-22 19:03:28,159 INFO [overlay] ยังไม่ชัดเจน
2025-10-22 19:03:29,230 INFO [overlay สี] success≈0.559, fail≈0.046 (เกณฑ์ 0.06/0.06)
2025-10-22 19:03:29,232 INFO [overlay สี] ตัดสิน: success
2025-10-22 19:03:29,233 INFO [d2] (ดีเลย์) สำเร็จ → success=1
2025-10-22 19:03:29,384 INFO [d2] stage=upgrade item_idx=8 target=+6 base=None succ=1
2025-10-22 19:03:29,386 INFO [d2] UPGRADE base=0 succ=1 cur=1 / target=+6
2025-10-22 19:03:30,086 INFO [ตรวจช่อง] ว่าง=False (เทมเพลต score=0.037 thr=0.85)
2025-10-22 19:03:30,087 INFO [d2] UPGRADE: click upgrade_btn @(844,626)
